JobTitle	NumDaysPosted	TimeFrame	TodayDate	CompanyName	JobLocation	LowSalaryRange	UpperSalaryRange	SalaryPeriod(per)	CompanyRating	JobSummary	JobUrl
DATA SCIENTIST H/F	30	jours	22-02-2021	Ad Scientiam	Paris (75)					"En tant que Data Scientist vous serez rattaché(e) au Chief Data Officer, vous rejoindrez une équipe de Data Scientists.
Date de début : 27 novembre 2019."	https://fr.indeed.com/rc/clk?jk=3a4c5adaa527c8d4&fccid=fd2f4adfd7e36c17&vjs=3
Data Scientist	30	jours	22-02-2021	Groover	Paris (75)					You have competencies in machine learning & data analysis (Python) ; • You know some of the following libraries: Numpy, Pandas, Scikit Learn, Keras ; • You are…	https://fr.indeed.com/rc/clk?jk=bf23cc61ee6a3545&fccid=a0a72158131ae2dd&vjs=3
Citizen Data Scientist F/H	30	jours	22-02-2021	OCTO Technology	Paris (75)				5.0	"Répondre à leurs besoins et les conseiller sur ces sujets (use cases, organisation de la donnée, gouvernance data, etc).
Lieux : Paris, Île-de-France (FR)."	https://fr.indeed.com/rc/clk?jk=463113bc8cbe92c6&fccid=e463fc7104734a53&vjs=3
Data Analyst, Retail Media (all levels welcome)	30	jours	22-02-2021	Criteo	Paris 9e (75)				4.0	"Passion for translating ‘data-speak’ into relevant, compelling stories.
Partner with Business Developer team to maximize our marketplace health and performance…"	https://fr.indeed.com/rc/clk?jk=463113bc8cbe92c6&fccid=e463fc7104734a53&vjs=3
Ingénieur IA – Data Science / Optimisation (H/F)	30	jours	22-02-2021	ACCENTA	Boulogne-Billancourt (92)					ACCENTA, entreprise de technologie investie dans les Deep Tech, permet aux propriétaires immobilier de réduire leur empreinte énergétique et carbone jusqu’à -80…	https://fr.indeed.com/rc/clk?jk=463113bc8cbe92c6&fccid=e463fc7104734a53&vjs=3
DATA SCIENTIST NLP	30	jours	22-02-2021	Aquila Consulting	Paris (75)					"Ü Conception d’outils d’analyse et de data-visualisation.
À votre bagage technique (data mining et visualisation de données techniques, l'analyse graphique, l…"	https://fr.indeed.com/rc/clk?jk=463113bc8cbe92c6&fccid=e463fc7104734a53&vjs=3
Data Scientist	30	jours	22-02-2021	datafab.io	Saint-Mandé (94)					"Et tu souhaites relever de nouveaux défis.
Tu aimerais évoluer et booster tes compétences tout en participant au développement de solutions innovantes en termes…"	https://fr.indeed.com/rc/clk?jk=463113bc8cbe92c6&fccid=e463fc7104734a53&vjs=3
Assistance à maitrise d'ouvrage Data Analyst / Power BI H/F	30	jours	22-02-2021	PSAPeugeotCitroen	Poissy (78)				4.0	La Direction Qualité de PSA (« Quality and Customer Satisfaction ») a pour mission de fixer les objectifs qualité du Groupe et de mesurer leur performance.	https://fr.indeed.com/rc/clk?jk=463113bc8cbe92c6&fccid=e463fc7104734a53&vjs=3
ST - BAC+5 - Data Analyst F/H	30	jours	22-02-2021	Renault	Boulogne-Billancourt (92)				4.0	Vous préparez un diplôme d'Ingénieur avec une spécialisation data et vous êtes à la recherche d'un stage de six mois dans le secteur de l'automobile.	https://fr.indeed.com/rc/clk?jk=abfc1def1730ac43&fccid=237908de095b6446&vjs=3
Développeur Python & Data H/F	30	jours	22-02-2021	Polyconseil	Paris (75)					"Vous souhaitez vous réorienter vers les problématiques data et avez suivi un MOOC dans ce sens (ex : Udemy).
Expert de la transformation numérique, Polyconseil…"	https://fr.indeed.com/rc/clk?jk=abfc1def1730ac43&fccid=237908de095b6446&vjs=3
DATA SCIENTIST	30	jours	22-02-2021	Homeys	Paris (75)					"Nous recherchons aujourd’hui un data scientist pour :
Affiner les algorithmes de machine learning qui font le lien entre température intérieure, température…"	https://fr.indeed.com/rc/clk?jk=d6384449bb1448f4&fccid=e463fc7104734a53&vjs=3
Innovation / R&D / Data Sciences_Modèle d'offre d'emploi	30	jours	22-02-2021	SUEZ	Rueil-Malmaison (92)				3.4	"Innovation / R&D / Data Sciences_Modèle d'offre d'emploi.
Rueil malmaison, ÎLE-DE-FRANCE.
Avec 90 000 collaborateurs présents sur les cinq continents, SUEZ est…"	https://fr.indeed.com/rc/clk?jk=d6384449bb1448f4&fccid=e463fc7104734a53&vjs=3
Data Scientist	30	jours	22-02-2021	ISoft	Paris (75)					ISoft est un concepteur éditeur de logiciels hautes performances dans les domaines des data sciences, du big data et de la détection de fraude en temps réel.	https://fr.indeed.com/rc/clk?jk=4f1ab14136fc9d02&fccid=09e12974662898fb&vjs=3
Data Analyste dans le domaine des transports et de la logist...	30	jours	22-02-2021	Orange	La Défense (92)				4.1	Au sein de l'équipe offres sur mesures, votre rôle consistera à analyser les besoins métier des clients potentiels de la solution Flux Vision dans les domaines…	https://fr.indeed.com/rc/clk?jk=d6384449bb1448f4&fccid=e463fc7104734a53&vjs=3
Carbon Data Analyst	30	jours	22-02-2021	Carbon4 Finance	Paris (75)					"Carbon4 Finance is a small business focused on providing Climate Data Solutions to the financial sector.
Carbon4 Finance clients are asset managers, pension…"	https://fr.indeed.com/rc/clk?jk=d6384449bb1448f4&fccid=e463fc7104734a53&vjs=3
Data Scientist (H/F)	30	jours	22-02-2021	Bel Group	Suresnes (92)				3.7	"Poste en CDI - France entière.
For Good, notre signature d’entreprise, traduit l’engagement de Bel pour une alimentation plus saine et responsable pour tous."	https://fr.indeed.com/company/ABD-Partners/jobs/Data-Scientist-c47c0457a9014111?fccid=c1bbfdba6f77f7b9&vjs=3
Data Scientist H/F	30	jours	22-02-2021	Polyconseil	Paris (75)					"Avoir suivi un MOOC (ex : Udemy) spécialisé en Big data est également apprécié.
Issu(e) d'une Grande école d'ingénieurs, vous justifiez d’une première…"	https://fr.indeed.com/rc/clk?jk=d6384449bb1448f4&fccid=e463fc7104734a53&vjs=3
Data Analyst Healthcare H/F	30	jours	22-02-2021	Air Liquide	Gentilly (94)				3.8	"Air Liquide est un leader mondial des gaz, technologies et services pour l’industrie et la santé.
Présent dans 80 pays avec environ 67 000 collaborateurs, le…"	https://fr.indeed.com/rc/clk?jk=4f1ab14136fc9d02&fccid=09e12974662898fb&vjs=3
Data Analyst-(H/F)	30	jours	22-02-2021	Franfinance	Nanterre (92)				3.9	"Rester en veille permanente dans le domaine des outls de data marketing.
En tant que Data Analyst, vous serez rattaché(e) au responsable marketing et stratégie…"	https://fr.indeed.com/company/ABD-Partners/jobs/Data-Scientist-c47c0457a9014111?fccid=c1bbfdba6f77f7b9&vjs=3
Data Scientist H/F	30	jours	22-02-2021	Altran	Vélizy-Villacoublay (78)					"Préparation des données (pre-processing / data management).
La division ASDN d'Altran part of Capgemini est à la recherche d’un nouveau docteur pour son projet…"	https://fr.indeed.com/rc/clk?jk=4f1ab14136fc9d02&fccid=09e12974662898fb&vjs=3
Research Scientist - Translational Biology/Data Scienc	30	jours	22-02-2021	Johnson & Johnson Family of Companies	Issy-les-Moulineaux (92)				4.2	"Previous experience analyzing biological data using High performance computer/Cloud.
Knowledge of data analysis tools: RStudio, Jupyter notebook, …."	https://fr.indeed.com/rc/clk?jk=3bc553a684b5f26b&fccid=cd304444faef7894&vjs=3
Data Scientist – Détection d'attaque de fraude à la carte ba...	30	jours	22-02-2021	CRÉDIT AGRICOLE PAYMENT SERVICES	Guyancourt (78)				3.9	"En 2019, la fraude sur les cartes bancaires françaises représente un montant total de 470 millions d’euros*.
Rattaché à l’équipe Data Science Factory de CA-PS,…"	https://fr.indeed.com/rc/clk?jk=bf23cc61ee6a3545&fccid=a0a72158131ae2dd&vjs=3
Data Scientist - SeqOIA	30	jours	22-02-2021	HOPITAL GUSTAVE ROUSSY	Villejuif (94)				2.2	Dans le cadre d'une politique volontariste en faveur des personnes en situation de handicap, toutes les candidatures reçues sont étudiées à compétences égales.	https://fr.indeed.com/rc/clk?jk=3a4c5adaa527c8d4&fccid=fd2f4adfd7e36c17&vjs=3
Junior Data Consultant	30	jours	22-02-2021	Artefact	Paris (75)				4.0	Artefact is a new generation of a data service provider, specialising in data consulting and data-driven digital marketing, dedicated to transforming data into…	https://fr.indeed.com/rc/clk?jk=02bd08157e7db6ab&fccid=0f5477dfb7d07060&vjs=3
STAGES DATA ENGINEER BI	30	jours	22-02-2021	Lobellia	Paris (75)					LOBELLIA Conseil est une société en pleine expansion d’une centaine de consultants spécialisés dans le conseil et la mise en œuvre autour des solutions de…	https://fr.indeed.com/rc/clk?jk=02bd08157e7db6ab&fccid=0f5477dfb7d07060&vjs=3
Data officer	30	jours	22-02-2021	GEODIS	Levallois-Perret (92)				3.5	"Implementing data privacy policies and complying with data protection regulations.
Designing and implementing data strategies.
Niveau d'études min. requis."	https://fr.indeed.com/rc/clk?jk=3bc553a684b5f26b&fccid=cd304444faef7894&vjs=3
Data Scientist assurances collectives (F/H) - 92	30	jours	22-02-2021	AXA	Nanterre (92)				3.8	"Actuarial and technical mission linked with data and partnership.
NANTERRE CEDEX, Hauts-de-Seine.
Votre rôle et vos missions.
Team player and customer-oriented."	https://fr.indeed.com/rc/clk?jk=3bc553a684b5f26b&fccid=cd304444faef7894&vjs=3
DATA SCIENTIST	30	jours	22-02-2021	Aquila Consulting	Courbevoie (92)					"Ü Conception d’outils d’analyse et de data-visualisation.
Votre bagage technique (data mining et visualisation de données techniques, l'analyse graphique, l…"	https://fr.indeed.com/rc/clk?jk=1074ce3b90d8e900&fccid=9852370096dc699e&vjs=3
Data scientist	30	jours	22-02-2021	FABDEV	Paris 15e (75)					Nous sommes constamment à l'écoute de nouveaux projets data, vous pourrez proposer de nouvelles idées, travaillerez en autonomie sur vos projets, mais serez…	https://fr.indeed.com/rc/clk?jk=3bc553a684b5f26b&fccid=cd304444faef7894&vjs=3
Data scientist / Engineer (h/f) - Paris	30	jours	22-02-2021	Maisons du Monde	Paris (75)				3.3	Vous participez activement à la vie de l’équipe en collaborant étroitement avec les data scientists, data engineers et data analysts.	https://fr.indeed.com/rc/clk?jk=3bc553a684b5f26b&fccid=cd304444faef7894&vjs=3
Data Analyst	30	jours	22-02-2021	Templeton and Partners	Paris (75)					"Monitors data profiling, data quality, data integration, data enrichment & data monitoring.
Alteryx data analytics resource who can work on Alteryx data…"	https://fr.indeed.com/rc/clk?jk=1074ce3b90d8e900&fccid=9852370096dc699e&vjs=3
Data Analyst / Data Scientist	30	jours	22-02-2021	Ametix	Levallois-Perret (92)				3.8	Vous bénéficiez d’une expérience significative dans le traitement et l’analyse de données structurées et non structurées.	https://fr.indeed.com/rc/clk?jk=1074ce3b90d8e900&fccid=9852370096dc699e&vjs=3
Data Scientist H/F	30	jours	22-02-2021	Groupama Assurances Mutuelles	Nanterre (92)					Au sein de la Direction Etudes Tarification et Pilotage, l'équipe Pilotage Technique et modélisation de risques, est en charge, au service des Directions…	https://fr.indeed.com/rc/clk?jk=3bc553a684b5f26b&fccid=cd304444faef7894&vjs=3
Assistant Data Scientist (H/F)	30	jours	22-02-2021	OUI.sncf	Paris (75)				3.5	Utiliser les bonnes pratiques de code (implémentation de tests, code fonctionnel, …) pour faciliter l’industrialisation des projets data.	https://fr.indeed.com/rc/clk?jk=02bd08157e7db6ab&fccid=0f5477dfb7d07060&vjs=3
Data Scientist / Data Engineer (H/F)	30	jours	22-02-2021	Nova Consulting	Paris (75)					"Vous intégrerez ce nouveau pôle composé de 2 à 3 data scientists.
Créée il y a 13 ans, Nova Consulting est une « Boutique » de Conseil en Stratégie, spécialisée…"	https://fr.indeed.com/rc/clk?jk=02bd08157e7db6ab&fccid=0f5477dfb7d07060&vjs=3
Consultant(e) Data Scienc	30	jours	22-02-2021	Sia Partners	Paris 8e (75)				3.6	"Pour accompagner son développement, Sia Partners recrute des consultants data scientist.
Pionnier du Consulting 4.0, Sia Partners réinvente le métier du conseil…"	https://fr.indeed.com/rc/clk?jk=1074ce3b90d8e900&fccid=9852370096dc699e&vjs=3
Data Scientist	30	jours	22-02-2021	Fideliz	Paris 9e (75)					Diplômé d’une formation Bac +5 minimum, avec une spécialisation en statistique ou data science, vous justifiez d’une première expérience dans le domaine de la…	https://fr.indeed.com/rc/clk?jk=1074ce3b90d8e900&fccid=9852370096dc699e&vjs=3
Data Analyst H/F - CDI - Nanterr	30	jours	22-02-2021	AXA	Nanterre (92)				3.8	Support à l’équipe data engineering pour la mise en place et le test de nouvelles fonctionnalités dans l’architecture interne du datalake (data modelling,…	https://fr.indeed.com/rc/clk?jk=02bd08157e7db6ab&fccid=0f5477dfb7d07060&vjs=3
GESTIONNAIRE DATA SUPPLY CHAIN (H/F)	30	jours	22-02-2021	Sony Music	Paris (75)				4.3	"Sony Music France, un des leaders sur le marché de l’industrie musicale, recherche un(e).
Votre rôle est d’assurer la qualité et la pertinence des données des…"	https://fr.indeed.com/rc/clk?jk=3a4c5adaa527c8d4&fccid=fd2f4adfd7e36c17&vjs=3
Data Scientist (H/F)	30	jours	22-02-2021	Positive Thinking Company	Paris (75)				3.8	"Optimiser la data du service concerné.
Collecter la data grâce à votre expertise.
Vous avez environ déjà une expérience professionnelle significative en tant…"	https://fr.indeed.com/rc/clk?jk=02bd08157e7db6ab&fccid=0f5477dfb7d07060&vjs=3
Data Scientist H/F - BE4897	30	jours	22-02-2021	PRO BTP GROUPE	Vincennes (94)				3.4	De formation bac +4/5 de type Ecole d'Ingénieur avec une spécialisation en data sciences, ta capacité d'organisation, ta rigueur et ton esprit analytique te…	https://fr.indeed.com/rc/clk?jk=02bd08157e7db6ab&fccid=0f5477dfb7d07060&vjs=3
Un(e) Biostatisticien(ne) / Data scientist (H/F)	30	jours	22-02-2021	Institut du Cerveau et de la Moelle Épinière	Paris 13e (75)				4.3	"Un ou plusieurs biostatisticans / data scientists pour renforcer notre équipe.
Bioinformaticien(ne)s, data managers, et développeur(se)s."	https://fr.indeed.com/rc/clk?jk=3a4c5adaa527c8d4&fccid=fd2f4adfd7e36c17&vjs=3
Data scientist - h/f	30	jours	22-02-2021	Iliad	Paris (75)				3.6	Trax est une filiale du groupe Iliad (maison mère de l’opérateur Free), dédiée à la diffusion de contenu multimédia via l’application OQEE.	https://fr.indeed.com/rc/clk?jk=02bd08157e7db6ab&fccid=0f5477dfb7d07060&vjs=3
Data Scientist h/f	30	jours	22-02-2021	CHAPS VISION	Suresnes (92)					"Son objectif : constituer un ensemble cohérent, à forte valeur ajoutée data et métier pour ses clients.
A l’aise avec les grands volumes de données structurées…"	https://fr.indeed.com/company/ABD-Partners/jobs/Data-Scientist-c47c0457a9014111?fccid=c1bbfdba6f77f7b9&vjs=3
Data Analyst M/F	30	jours	22-02-2021	Datawords	Levallois-Perret (92)				3.5	"Présentations et conférences en tant qu’expert data pour nos clients, déplacements à l’étranger occasionnels.
Être l’interlocuteur privilégié de nos clients sur…"	https://fr.indeed.com/rc/clk?jk=3bc553a684b5f26b&fccid=cd304444faef7894&vjs=3
DATA SCIENTIST COMPUTER VISION	30	jours	22-02-2021	Aquila Consulting	Paris (75)					"Ü Conception d’outils d’analyse et de data-visualisation.
À votre bagage technique (data mining et visualisation de données techniques, l'analyse graphique, l…"	https://fr.indeed.com/rc/clk?jk=9ab7122bd3968231&fccid=a4afddc5b7ad7ec2&vjs=3
Consultant DATA	30	jours	22-02-2021	Valuetis	Paris (75)					Pour accompagner son développement,Valuetis recrute un consultant décisionnel expérimenté, pour intervenir sur des projets business intelligence.	https://fr.indeed.com/company/AGYLIS/jobs/Data-Engineer-fec5c6457d0d8939?fccid=ba755be2fca96675&vjs=3
Un.e data scientist impliqué.e, consciencieux.se et teamplay...	30	jours	22-02-2021	AXILEO	Paris (75)					"Nous recherchons un.e data scientist impliqué.e, consciencieux.se et teamplayer !
De formation BAC +5 en informatique (ingénieur ou universitaire), vous…"	https://fr.indeed.com/rc/clk?jk=2af95d8c1a6d5636&fccid=3c43349a97cfd43a&vjs=3
Data Analyst - Produit (H/F)	30	jours	22-02-2021	Happn	Paris (75)					"Rejoins notre équipe data riche en compétences, vivante et éclectique qui regroupe data scientists, engineers, BI et analysts.
“It’s a crush !” si :"	https://fr.indeed.com/rc/clk?jk=2af95d8c1a6d5636&fccid=3c43349a97cfd43a&vjs=3
Gestionnaire de données référentielles produits F/H	30	jours	22-02-2021	Picard	Issy-les-Moulineaux (92)				3.9	"Simplicité, plaisir et innovation rythment le quotidien de nos 4 500 collaborateurs.
Nos équipes mettent tout en œuvre pour faciliter la vie de nos clients et…"	https://fr.indeed.com/rc/clk?jk=9ab7122bd3968231&fccid=a4afddc5b7ad7ec2&vjs=3
Data Scientist - F/H	30	jours	22-02-2021	Alter Way	Paris (75)					Titulaire d'un Master, vous disposez de 3 années d'expérience au minimum en développement Python et présentez un intérêt pour le domaine de la data et du…	https://fr.indeed.com/rc/clk?jk=9ab7122bd3968231&fccid=a4afddc5b7ad7ec2&vjs=3
Data Scientist	30	jours	22-02-2021	CAST Software	Paris (75)					"Une personne ayant des connaissances/expérience en data science et machine learning.
CAST est le leader du marché de la Software Intelligence."	https://fr.indeed.com/rc/clk?jk=4f1ab14136fc9d02&fccid=09e12974662898fb&vjs=3
Product Data Analyst	30	jours	22-02-2021	Skello	Paris (75)					Tu partageras ton savoir faire au sein de l'équipe Produit, et tu la feras monter en compétence sur l'univers de la data (analyse, modélisation..).	https://fr.indeed.com/rc/clk?jk=9ab7122bd3968231&fccid=a4afddc5b7ad7ec2&vjs=3
Jeune Docteur Data Scienc	30	jours	22-02-2021	JICAP-Performance	Paris (75)					Au croisement des expertises Achats, SI, Data scientist, notre Client développe des concepts permettant l’accélération des résultats des entreprises par la mise…	https://fr.indeed.com/company/AGYLIS/jobs/Data-Engineer-fec5c6457d0d8939?fccid=ba755be2fca96675&vjs=3
Data Analyst (F/H)	30	jours	22-02-2021	Novencia	Paris (75)				5.0	Quelle que soit la façon dont elle est structurée, la data n’est plus l’apanage des SI… mais bien au cœur des activités et des Métiers.	https://fr.indeed.com/company/AGYLIS/jobs/Data-Engineer-fec5c6457d0d8939?fccid=ba755be2fca96675&vjs=3
Développeur Big Data F/H - Paris En Savoir Plus	30	jours	22-02-2021	BMARKETS	Paris (75)					"Nous recherchons un Ingénieur Développement Big Data F/H.
Dans le cadre de projets d'ampleur pour notre client, grande Banque d’Investissement, votre rôle sera…"	https://fr.indeed.com/rc/clk?jk=2af95d8c1a6d5636&fccid=3c43349a97cfd43a&vjs=3
CDI - Data-analyst Agile F/H Bagneux	30	jours	22-02-2021	Orange	Bagneux (92)				4.1	"Traiter, exploiter et intégrer des données dans un data warehouse (entrepôt de données),.
Collaborer au développement de la culture data en accompagnant les…"	https://fr.indeed.com/company/AGYLIS/jobs/Data-Engineer-fec5c6457d0d8939?fccid=ba755be2fca96675&vjs=3
Conformité / Data Protection / Gouvernance de données H/F	30	jours	22-02-2021	CRÉDIT AGRICOLE CONSUMER FINANCE	Massy (91)				3.9	Crédit Agricole Consumer Finance recrute des stagiaires en Conformité, découvrez nos offres en cliquant sur le lien suivant:	https://fr.indeed.com/rc/clk?jk=2af95d8c1a6d5636&fccid=3c43349a97cfd43a&vjs=3
Data Engineer H/F	30	jours	22-02-2021	MALLYANCE	Bagnolet (93)	2916 € 	 3565 € 			"Data engineer h/f ou similaire: 3 ans (Souhaité).
Récupérer les données issues de sources externes.
Utiliser la puissance du Datalake."	https://fr.indeed.com/company/AGYLIS/jobs/Data-Engineer-fec5c6457d0d8939?fccid=ba755be2fca96675&vjs=3
Chef de projet MOA transverse & Data H/F	30	jours	22-02-2021	BFORBANK	La Défense (92)				3.9	"Rattaché(e) au responsable de la MOA centrale, vos missions se déclinent de la façon suivante :
Gérer et piloter les projets transverses dans le respect de la…"	https://fr.indeed.com/company/AGYLIS/jobs/Data-Engineer-fec5c6457d0d8939?fccid=ba755be2fca96675&vjs=3
Data analyst - h/f	30	jours	22-02-2021	Iliad	Paris (75)				3.6	De formation supérieure (Bac+5 ou plus) avec une spécialisation en Parcours informatique orienté data/ Statistiques/ analystede données,...	https://fr.indeed.com/company/AGYLIS/jobs/Data-Engineer-fec5c6457d0d8939?fccid=ba755be2fca96675&vjs=3
Data Protection Officer – DPO (H/F)	30	jours	22-02-2021	Cisif	Boulogne-Billancourt (92)					Notre client, leader européen dans son domaine, présence mondiale, recherche un DPO (Data Protection Officer) pour l’accompagner dans la mise en place de la…	https://fr.indeed.com/rc/clk?jk=2af95d8c1a6d5636&fccid=3c43349a97cfd43a&vjs=3
Consultant Data Analytics| Transactions|CDI| H/F	30	jours	22-02-2021	PwC	Neuilly-sur-Seine (92)				4.0	"Une connaissance des modules data avancés d'Excel (PowerQuery, PowerPivot).
Vous êtes diplômé(e) d’une école d’ingénieur ou d’école de commerce avec…"	https://fr.indeed.com/company/AGYLIS/jobs/Data-Engineer-fec5c6457d0d8939?fccid=ba755be2fca96675&vjs=3
Junior Data Analyst	30	jours	22-02-2021	Voodoo	Paris (75)					"We harness data and creativity through innovation on the Voodoo gaming portfolio.
We are looking for a Data/Business Analyst who is deeply passionate about data…"	https://fr.indeed.com/rc/clk?jk=9ab7122bd3968231&fccid=a4afddc5b7ad7ec2&vjs=3
Data Scientist (H/F)	30	jours	22-02-2021	Gamestream	Paris (75)					Rattaché(e) à l’équipe marketing vous serez responsable de la gestion et de l’analyse des données (big data) de l’entreprise.	https://fr.indeed.com/rc/clk?jk=9ab7122bd3968231&fccid=a4afddc5b7ad7ec2&vjs=3
Chef de projet Data-(H/F)	30	jours	22-02-2021	ALD Automotive	Rueil-Malmaison (92)				3.9	Il/Elle est responsable de la mise en oeuvre de projets data complexes, orientés business ou règlementaires, à l’échelle du groupe ALD et/ou du groupe Société…	https://fr.indeed.com/rc/clk?jk=2af95d8c1a6d5636&fccid=3c43349a97cfd43a&vjs=3
Data Analyst Junior - Transaction R & C	30	jours	22-02-2021	Rothschild & Co	Paris (75)					"Data Analyst Junior - Transaction R & Co.
Transaction R & Co, l’équipe de Rothschild & Co dédiée au conseil en opérations de fusions et acquisitions (M&A) pour…"	https://fr.indeed.com/rc/clk?jk=035866c5b4c5a61c&fccid=df6948c9b8da6236&vjs=3
Data Engineer H/F	30	jours	22-02-2021	Ad Scientiam	Paris 13e (75)	42000 € 		 an		"Forte capacité d’analyse & data driven.
Créer et maintenir des pipelines data qui font le pont entre les développeurs back-end et les data scientists (SQL,…"	https://fr.indeed.com/rc/clk?jk=2af95d8c1a6d5636&fccid=3c43349a97cfd43a&vjs=3
Data Analyst	30	jours	22-02-2021	OCUS	Paris (75)					"5+ years experience mining data as a data analyst.
Develop and maintain databases by acquiring data from primary and secondary sources, and build scripts that…"	https://fr.indeed.com/rc/clk?jk=4f1ab14136fc9d02&fccid=09e12974662898fb&vjs=3
Data Analyst H/F	30	jours	22-02-2021	Stockly	Paris 2e (75)	45000 € 	 50000 € 			"Develop and maintain SQL dashboards, to monitor data and analyse performance.
Stockly is a retail-tech company that targets to solve the problem of out-of-stock…"	https://fr.indeed.com/rc/clk?jk=035866c5b4c5a61c&fccid=df6948c9b8da6236&vjs=3
Head of Data Offic	30	jours	22-02-2021	BU Global Energy Management	Courbevoie (92)					"Ensures that identified data roles include data objectives in the use cases they intervene in.
Ensures that data roles are identified and nominated in use cases…"	https://fr.indeed.com/rc/clk?jk=2af95d8c1a6d5636&fccid=3c43349a97cfd43a&vjs=3
Consultant Data scienc	30	jours	22-02-2021	Astrakhan	Paris 12e (75)	55000 € 	 64000 € 			"Consultant data science ou similaire: 3 ans (Souhaité).
Nous recherchons un(e) Consultant(e)Senior Data Science qui dispose d’un savoir-faire solide sur une ou…"	https://fr.indeed.com/rc/clk?jk=226ab665cbef3259&fccid=a1e3f54f00122ead&vjs=3
Dev web - Data Scraping Analyst	30	jours	22-02-2021	MiTrust	Puteaux (92)	15000 € 	 18000 € 			"Mitrust est une jeune startup franco allemande qui vise à remettre la confiance au cœur de la vie numérique.
Tu cherches un CDD ou un CDI?"	https://fr.indeed.com/pagead/clk?mo=r&ad=-6NYlbfkN0A9Popqtx5W0sXdhE0EBXn1dIdTU5gI_fOOKLKKm894A8lUUArFxRYj8TuW8BvkGFHuM18u0flS4M0GSa9D3UtqTiClGSbt7-6MiR8dInhVkYa7kLL8yam82qAe7iNlId8Vs7uZJbSevUO2skTPRa7r3od7owOz2fmfUM8l1tiTObqMy5PK-cm1HiiJxr_8TL64666YOOxq7D_cdFXe4IPwI1KyAhAEIL-g4awBUg9tuyOnksqw19YCyXAgIppXRVD_1Z3G5-V_Mx1yGeOMR1e_7IScG6Nz55SHuYGCUrPIBXorUbCFM5tAc30Q-QEtROfLcN8kATXeacclUkwXf_j335aigJH6dJZVMfKOAJ6G9ztA2MxYPx_HAUTnAQnOsYQ6OEVAuyla7rvcsnrpMRZn9hST5WpZb-xfXO6hYMwO6eyxFNwKPUxqjR4F7K5Cr1_IRf38exNtGw==&p=0&fvj=1&vjs=3
DATA ANALYST - STATISTICIEN H/F	30	jours	22-02-2021	LSA Courtage	Rueil-Malmaison (92)	30000 € 	 32000 € 			"Data analyst - statisticien h/f ou similaire: 1 an (Souhaité).
Le groupe LSA est un groupe de sociétés de courtage d’assurance dont la plus importante, LSA…"	https://fr.indeed.com/rc/clk?jk=035866c5b4c5a61c&fccid=df6948c9b8da6236&vjs=3
Data Analyst - Business Intelligence H/F	30	jours	22-02-2021	BCA Expertise	Asnières-sur-Seine (92)	40000 € 	 48000 € 		3.7	La réalisation d'analyses de data mining répondant à une problématique de l'entreprise, de la direction Pilotage Performance ou de l'un de nos clients.	https://fr.indeed.com/rc/clk?jk=2af95d8c1a6d5636&fccid=3c43349a97cfd43a&vjs=3
[CDI] Data Scientist/Analyst H/F	30	jours	22-02-2021	Lincoln	Boulogne-Billancourt (92)					"Envie de rejoindre Lincoln pour expérimenter des solutions innovantes en data science et intelligence artificielle ?
Ce que l’on vous propose."	https://fr.indeed.com/rc/clk?jk=226ab665cbef3259&fccid=a1e3f54f00122ead&vjs=3
Data Analyst H/F	30	jours	22-02-2021	Ogilvy	Paris (75)				4.1	Le réseau Ogilvy est le 1er réseau international de communication (20 000 collaborateurs présents dans plus de 100 pays à travers le monde).	https://fr.indeed.com/rc/clk?jk=226ab665cbef3259&fccid=a1e3f54f00122ead&vjs=3
Data Engineer	30	jours	22-02-2021	FOVEA PROCESS	Paris 1er (75)					"Tu souhaites collaborer sur des projets data ayant des problématiques variées ( Data integration, ESB, Big Data, IOT...).
Notre expertise depuis plus de 15 ans."	https://fr.indeed.com/rc/clk?jk=226ab665cbef3259&fccid=a1e3f54f00122ead&vjs=3
Consultant Data Visualisation F/H	30	jours	22-02-2021	VISEO	Boulogne-Billancourt (92)				3.3	Mettre en place de solutions de data visualisation (analyse, spécifications fonctionnelles et techniques, atelier de conception, développement),.	https://fr.indeed.com/rc/clk?jk=9ab7122bd3968231&fccid=a4afddc5b7ad7ec2&vjs=3
Gestionnaire de données	30	jours	22-02-2021	Le Groupe La Poste	Montrouge (92)				3.8	Acteur majeur de la communication de proximité, MEDIAPOST conseille et accompagne ses clients à chaque étape de la mise en œuvre de leurs campagnes.	https://fr.indeed.com/rc/clk?jk=2af95d8c1a6d5636&fccid=3c43349a97cfd43a&vjs=3
DATA ENGINEER (H/F)	30	jours	22-02-2021	Believe	Paris 17e (75)					Implémenter et mettre en place des traitements de données dans leur intégralité (data pipeline) et participer à la transformation de notre Dataplateform.	https://fr.indeed.com/rc/clk?jk=035866c5b4c5a61c&fccid=df6948c9b8da6236&vjs=3
CONSULTANT CUSTOMER DATA MANAGEMENT​ F/H	30	jours	22-02-2021	Micropole	Levallois-Perret (92)				3.2	"Vous êtes convaincus que l’optimisation du patrimoine data des entreprises est la clé de leur performance ?
Vous êtes au fait des dernières tendances et prêt à…"	https://fr.indeed.com/rc/clk?jk=9ab7122bd3968231&fccid=a4afddc5b7ad7ec2&vjs=3
Architecte technique - Data Analyst-(H/F)	30	jours	22-02-2021	Société Générale	Fontenay-sous-Bois (94)				3.9	"Vous savez « faire parler » les données pour créer de la valeur ?
Vous comprenez les problèmes et enjeux métiers et êtes capables de modéliser plusieurs…"	https://fr.indeed.com/company/AGYLIS/jobs/Data-Engineer-fec5c6457d0d8939?fccid=ba755be2fca96675&vjs=3
Data-Manager Junior	28	jours	22-02-2021	Centre de Pharmaco-épidémiologie l'AP-HP	Paris 13e (75)					Le centre de pharmaco-épidémiologie de l’Assistance Publique-Hôpitaux de Paris (CEPHEPI) est une structure transversale de l’AP-HP dont l’objectif est de…	https://fr.indeed.com/rc/clk?jk=4f1ab14136fc9d02&fccid=09e12974662898fb&vjs=3
Data Scientist - Supply Chain (H/F)	27	jours	22-02-2021	Chanel	Paris (75)				4.1	"Familiar with data architecture, data governance.
Leverage data and business principles to automate data flow, detect business exceptions, build diagnostic…"	https://fr.indeed.com/rc/clk?jk=3a4c5adaa527c8d4&fccid=fd2f4adfd7e36c17&vjs=3
Data Labeller H/F (CDD - 4 mois)	27	jours	22-02-2021	Kayrros	Paris 9e (75)					"Passionné(e) par les nouvelles technologies ?
Intéressé(e) par le secteur de l’énergie ?
Rejoignez Kayrros, la start-up qui révolutionne le monde de l’énergie."	https://fr.indeed.com/rc/clk?jk=022251d0e215187a&fccid=359a8b600b310a76&vjs=3
Data Manager H/F	27	jours	22-02-2021	TempoPharma	Paris (75)	25000 € 	 30000 € 			TempoPHARMA, CRO du Groupe MultiHealth, est spécialisée dans la délégation de compétences et le recrutement pour les industries de la santé depuis plus de 20…	https://fr.indeed.com/rc/clk?jk=d6384449bb1448f4&fccid=e463fc7104734a53&vjs=3
Data & Analytics Consultant, Looker, Google Cloud (French)	27	jours	22-02-2021	Google	Paris (75)				4.3	"Experience with data modeling, data visualization and building dashboards.
Looker integrates data into the daily workflows of users to allow organizations to…"	https://fr.indeed.com/rc/clk?jk=4f1ab14136fc9d02&fccid=09e12974662898fb&vjs=3
DATA SCIENTIST H/F	26	jours	22-02-2021	Eskimoz	Boulogne-Billancourt (92)				3.5	"Vous maitrisez Python et son écosystème data (pandas, notebook, SciKit-learn,…).
L’Agence Eskimoz, spécialisée en référencement naturel, accompagne les…"	https://fr.indeed.com/pagead/clk?mo=r&ad=-6NYlbfkN0A9Popqtx5W0sXdhE0EBXn1dIdTU5gI_fOOKLKKm894A8lUUArFxRYj8TuW8BvkGFHuM18u0flS4M0GSa9D3UtqTiClGSbt7-6MiR8dInhVkYa7kLL8yam82qAe7iNlId8Vs7uZJbSevUO2skTPRa7r3od7owOz2fmfUM8l1tiTObqMy5PK-cm1HiiJxr_8TL64666YOOxq7D_cdFXe4IPwI1KyAhAEIL-g4awBUg9tuyOnksqw19YCyXAgIppXRVD_1Z3G5-V_Mx1yGeOMR1e_7IScG6Nz55SHuYGCUrPIBXorUbCFM5tAc30Q-QEtROfLcN8kATXeacclUkwXf_j335aigJH6dJZVMfKOAJ6G9ztA2MxYPx_HAUTnAQnOsYQ6OEVAuyla7rvcsnrpMRZn9hST5WpZb-xfXO6hYMwO6eyxFNwKPUxqjR4F7K5Cr1_IRf38exNtGw==&p=0&fvj=1&vjs=3
S'team - Business Analyst Data H/F	26	jours	22-02-2021	S'team	Levallois-Perret (92)					Ingénieur ou issu(e) d’une formation niveau bac+5, vous justifiez d’une expérience dans la gestion de projet data en environnement IT de 2 ans minimum.	https://fr.indeed.com/rc/clk?jk=9ab7122bd3968231&fccid=a4afddc5b7ad7ec2&vjs=3
Data Scientist (F/H)	25	jours	22-02-2021	Ubisoft	Saint-Mandé (94)				3.9	"Chez Ubisoft, nous écrivons le futur du divertissement.
Acteur majeur du jeu vidéo dans le monde, nous investissons aussi dans de nouveaux domaines et sur de…"	https://fr.indeed.com/rc/clk?jk=abfc1def1730ac43&fccid=237908de095b6446&vjs=3
Data Analyst - Flux Marketing - H/F	24	jours	22-02-2021	Arcane	Paris (75)	38000 € 		 an		"Data Analyst, Data Scientist, Data Engineer / CDI / Environ 38k€ / 0 - 2 ans / Paris.
Arcane est une agence média créée il y a 4 ans par deux anciens Googlers,…"	https://fr.indeed.com/rc/clk?jk=3a4c5adaa527c8d4&fccid=fd2f4adfd7e36c17&vjs=3
Data Science & Data Analytics Internships (M/F)	24	jours	22-02-2021	Procter & Gamble	Paris (75)				4.2	"Strong analytical skills, using multiple data sources with ability to query and analyze data.
Ability to balance multiple priorities and either an entrepreneur…"	https://fr.indeed.com/rc/clk?jk=463113bc8cbe92c6&fccid=e463fc7104734a53&vjs=3
Technicien Analyste des Données H/F	24	jours	22-02-2021	Société de Calcul Mathématique SA	Paris 8e (75)					"Nous pouvons accueillir des étudiants en stage dans l'une quelconque des branches de notre activité :
Analyse des réseaux de capteurs,."	https://fr.indeed.com/rc/clk?jk=9ab7122bd3968231&fccid=a4afddc5b7ad7ec2&vjs=3
Data Scientist H/F	24	jours	22-02-2021	MRM Worldwide	Neuilly-sur-Seine (92)	40000 € 		 an		Dans ce rôle, vous aurez l’opportunité d’appliquer - en faisant et en guidant – les méthodes de data science et d’analyses au service du business de nos clients…	https://fr.indeed.com/rc/clk?jk=d6384449bb1448f4&fccid=e463fc7104734a53&vjs=3
Data Analyst	24	jours	22-02-2021	Qonto	Paris (75)				4.2	"Promoting self-service via training and appropriate data models.
The data department grew from 5 to 15 people in less than a year (and we're still hiring)!"	https://fr.indeed.com/rc/clk?jk=4f1ab14136fc9d02&fccid=09e12974662898fb&vjs=3
Data Engineer H/F (CDI)	24	jours	22-02-2021	Leaseplan France	Rueil-Malmaison (92)	38000 € 	 45000 € 		3.9	"Data engineer h/f (cdi) ou similaire: 2 ans (Souhaité).
Vous soutenez également l’équipe « Data Stewardship & Quality »*, dans le respect de la data gouvernance…"	https://fr.indeed.com/pagead/clk?mo=r&ad=-6NYlbfkN0A9Popqtx5W0sXdhE0EBXn1dIdTU5gI_fOOKLKKm894A8lUUArFxRYj8TuW8BvkGFHuM18u0flS4M0GSa9D3UtqTiClGSbt7-6MiR8dInhVkYa7kLL8yam82qAe7iNlId8Vs7uZJbSevUO2skTPRa7r3od7owOz2fmfUM8l1tiTObqMy5PK-cm1HiiJxr_8TL64666YOOxq7D_cdFXe4IPwI1KyAhAEIL-g4awBUg9tuyOnksqw19YCyXAgIppXRVD_1Z3G5-V_Mx1yGeOMR1e_7IScG6Nz55SHuYGCUrPIBXorUbCFM5tAc30Q-QEtROfLcN8kATXeacclUkwXf_j335aigJH6dJZVMfKOAJ6G9ztA2MxYPx_HAUTnAQnOsYQ6OEVAuyla7rvcsnrpMRZn9hST5WpZb-xfXO6hYMwO6eyxFNwKPUxqjR4F7K5Cr1_IRf38exNtGw==&p=0&fvj=1&vjs=3
Data Scientist	24	jours	22-02-2021	L'argus	Paris (75)				2.0	"Souvent connu pour sa cote et son journal créé en 1927, L’argus a bien grandi.
En effet, au carrefour des métiers de la tech et de l’automobile, L’argus est un…"	https://fr.indeed.com/rc/clk?jk=3bc553a684b5f26b&fccid=cd304444faef7894&vjs=3
Chief data officier H/F	24	jours	22-02-2021	JACEM IT	La Défense (92)	80000 € 	 100000 € 			Mise en place des architectures data, création des bases de données et organisation des flux de données entre les sources et les bases de stockage (data lake /…	https://fr.indeed.com/company/ABD-Partners/jobs/Data-Scientist-c47c0457a9014111?fccid=c1bbfdba6f77f7b9&vjs=3
HR Data Analyst - H/F	23	jours	22-02-2021	Showroomprive.com	Saint-Witz (95)				2.4	Acteur majeur du e-commerce en Europe, Showroomprive.com est un site e-commerce qui organise pour ses membres des ventes exclusives, limitées dans le temps, de…	https://fr.indeed.com/rc/clk?jk=d6384449bb1448f4&fccid=e463fc7104734a53&vjs=3
Data Engineer H/F	23	jours	22-02-2021	AGYLIS	Boulogne-Billancourt (92)	3053 € 	 3732 € 			Nous recherchons pour l’un de nos clients dans le domaine de la Banque, un grand acteur du marché bancaire sur Paris un Data Engineer pour renforcer l'équipe…	https://fr.indeed.com/company/AGYLIS/jobs/Data-Engineer-fec5c6457d0d8939?fccid=ba755be2fca96675&vjs=3
Ingénieurs Big Data H/F	22	jours	22-02-2021	Gfi informatique	Courbevoie (92)				3.1	Inetum Capital Market est la filiale du groupe Inetum, spécialisée en finance de marchés accompagnant les acteurs majeurs du secteur de la Finance en France et…	https://fr.indeed.com/rc/clk?jk=abfc1def1730ac43&fccid=237908de095b6446&vjs=3
Ingénieurs Big Data H/F	22	jours	22-02-2021	Inetum	Courbevoie (92)				3.1	Inetum Capital Market est la filiale du groupe Inetum, spécialisée en finance de marchés accompagnant les acteurs majeurs du secteur de la Finance en France et…	https://fr.indeed.com/rc/clk?jk=463113bc8cbe92c6&fccid=e463fc7104734a53&vjs=3
Leader data offic	21	jours	22-02-2021	Natixis SA	Paris (75)				3.4	"Vous serez leur partenaire data.
Doté d'une riche expérience sur les sujets data (data management et/ou usages avancés des données avec des cas d'usage) dans…"	https://fr.indeed.com/rc/clk?jk=3a4c5adaa527c8d4&fccid=fd2f4adfd7e36c17&vjs=3
Consultant Data Gouvernance H/F	20	jours	22-02-2021	SYNERGY FRANCE	Paris 8e (75)	60000 € 	 75000 € 		4.5	Les activités principales consistent à accompagner nos clients dans la mise en œuvre de leur programme de gouvernance des données *(organisation autour de la…	https://fr.indeed.com/rc/clk?jk=463113bc8cbe92c6&fccid=e463fc7104734a53&vjs=3
Data Analyst	20	jours	22-02-2021	Getaround	Paris (75)				3.5	"Empower the team by building ground truth data sets and evangelise data tools to your stakeholders.
You'll belong to the data team of 8 experienced and caring…"	https://fr.indeed.com/rc/clk?jk=d6384449bb1448f4&fccid=e463fc7104734a53&vjs=3
Consultant Data Junior H/F	20	jours	22-02-2021	SYNERGY FRANCE	Paris 8e (75)	42000 € 	 48000 € 		4.5	Synergy France* est une ESN Data Centric qui se concentre sur 4 offres : Data Intégration, Data Analyse, Data Gouvernance, Data Science.	https://fr.indeed.com/rc/clk?jk=035866c5b4c5a61c&fccid=df6948c9b8da6236&vjs=3
Data Engineer F/H	20	jours	22-02-2021	Ekkiden	Paris 3e (75)					"Vous justifiez de 2 ans d'expérience en tant que data engineer.
Ambition et innovation sont nos deux grands drivers.
Le rôle : Data Engineer F/H."	https://fr.indeed.com/rc/clk?jk=d6384449bb1448f4&fccid=e463fc7104734a53&vjs=3
MOA DATA / Analyste Fonctionnel Junior H/F	20	jours	22-02-2021	GRDF	Pantin (93)				4.0	Pour mettre vos compétences au service d’un acteur majeur de la transition énergétique, expert et distributeur du gaz naturel ?	https://fr.indeed.com/rc/clk?jk=3bc553a684b5f26b&fccid=cd304444faef7894&vjs=3
CDI - Data Scientist (H/F)	20	jours	22-02-2021	Younited Credit	Paris 9e (75)				3.8	"Collaborer avec l’équipe de data engineering et de data anlytics pour l’exploitation de volumes de données important.
TEMPS DE TRAVAIL :Temps plein."	https://fr.indeed.com/rc/clk?jk=3bc553a684b5f26b&fccid=cd304444faef7894&vjs=3
Chargé de cybersécurité - Big data-(H/F)	20	jours	22-02-2021	Société Générale	La Défense (92)				3.9	"Vous maîtrisez les notions de big data et de Java, Python, JSON, HTML, API ….
Par ailleurs, une connaissance en Cybersécurité, en Machine Learning et en produit…"	https://fr.indeed.com/rc/clk?jk=3bc553a684b5f26b&fccid=cd304444faef7894&vjs=3
DATA ANALYST H/F	19	jours	22-02-2021	Groupement Les Mousquetaires	Châtillon (92)				2.9	Vous accompagnez la montée en compétences analytique de nos directions métier sur le pilotage et la gestion de leur activité en les aidant à mettre en place les…	https://fr.indeed.com/rc/clk?jk=1074ce3b90d8e900&fccid=9852370096dc699e&vjs=3
Data Analyst Programmatiq	19	jours	22-02-2021	Numberly	Paris 9e (75)					"Compétence / appétence pour la data visualisation.
Connaissances d’outils data viz, dashboard, analytics seraient un plus."	https://fr.indeed.com/rc/clk?jk=226ab665cbef3259&fccid=a1e3f54f00122ead&vjs=3
Leader data offic	19	jours	22-02-2021	Natixis	Paris (75)				4.0	"Vous serez leur partenaire data.
Doté d'une riche expérience sur les sujets data (data management et/ou usages avancés des données avec des cas d'usage) dans…"	https://fr.indeed.com/rc/clk?jk=226ab665cbef3259&fccid=a1e3f54f00122ead&vjs=3
Scrum master connaissant le Big Dat	19	jours	22-02-2021	LBESOFT	Nanterre (92)	3000 € 	 4000 € 		5.0	"Objet : * Recherche : Scrum Mater BigData.
Nous sommes à la recherche d’un profil Scrum master connaissant le BigData pour un de nos clients bancaires."	https://fr.indeed.com/rc/clk?jk=226ab665cbef3259&fccid=a1e3f54f00122ead&vjs=3
Chef de Projets Dat	19	jours	22-02-2021	Numberly	Paris 9e (75)					"Industrialiser un algorithme de NLP développé par nos data scientists.
Participer à la conception d’une interface de data visualization."	https://fr.indeed.com/rc/clk?jk=bf23cc61ee6a3545&fccid=a0a72158131ae2dd&vjs=3
INGÉNIEUR R&D - TRAITEMENT DU SIGNAL / DATA SCIENCE	19	jours	22-02-2021	BioSerenity	Paris (75)				3.0	"Il faut être discipliné, méthodique et curieux.
L’ingénieur doit être toujours en alerte sur les nouveautés et effectuer des veilles technologiques pour pouvoir…"	https://fr.indeed.com/rc/clk?jk=02bd08157e7db6ab&fccid=0f5477dfb7d07060&vjs=3
Ingénieur Innovation et Data (H/F)	18	jours	22-02-2021	Ponticelli	Émerainville (77)				3.7	Ces innovations s'inscrivent en particulier dans le domaine du traitement des données (big data) issues des matériels connectés et des logiciels de suivi et…	https://fr.indeed.com/rc/clk?jk=3bc553a684b5f26b&fccid=cd304444faef7894&vjs=3
DATA ANALYST MARKETING H/F	18	jours	22-02-2021	IN'LI	Puteaux (92)				3.3	"In’li, la filiale logement intermédiaire d’Action Logement.
In’li, filiale du Groupe Action Logement, est leader du logement intermédiaire en Ile-de-France,…"	https://fr.indeed.com/pagead/clk?mo=r&ad=-6NYlbfkN0A9Popqtx5W0sXdhE0EBXn1dIdTU5gI_fOOKLKKm894A8lUUArFxRYj8TuW8BvkGFHuM18u0flS4M0GSa9D3UtqTiClGSbt7-6MiR8dInhVkYa7kLL8yam82qAe7iNlId8Vs7uZJbSevUO2skTPRa7r3od7owOz2fmfUM8l1tiTObqMy5PK-cm1HiiJxr_8TL64666YOOxq7D_cdFXe4IPwI1KyAhAEIL-g4awBUg9tuyOnksqw19YCyXAgIppXRVD_1Z3G5-V_Mx1yGeOMR1e_7IScG6Nz55SHuYGCUrPIBXorUbCFM5tAc30Q-QEtROfLcN8kATXeacclUkwXf_j335aigJH6dJZVMfKOAJ6G9ztA2MxYPx_HAUTnAQnOsYQ6OEVAuyla7rvcsnrpMRZn9hST5WpZb-xfXO6hYMwO6eyxFNwKPUxqjR4F7K5Cr1_IRf38exNtGw==&p=0&fvj=1&vjs=3
Assistant Data Analyst H/F	18	jours	22-02-2021	Gexpertise	Sèvres (92)				2.9	"Assistant Data Analyst H/F.
Stage conventionné de 4 à 6 mois à partir d'avril.
Etudiant en École d'Ingénieurs ou Master 2."	https://fr.indeed.com/rc/clk?jk=02bd08157e7db6ab&fccid=0f5477dfb7d07060&vjs=3
Data Analyst Junior (H/F) Mobile Gaming [CDI] - Paris ou Lyo...	18	jours	22-02-2021	Gaminho	Paris 18e (75)	30000 € 	 35000 € 			Plusieurs réalisations concrètes au niveau de la mise en place de rapports de Business Intelligence sur les sujets suivants : data crunching, data visualization…	https://fr.indeed.com/rc/clk?jk=3a4c5adaa527c8d4&fccid=fd2f4adfd7e36c17&vjs=3
Group Data 1 Business Analyst	18	jours	22-02-2021	Euler Hermes Group	Paris (75)				4.0	"For this role, we are looking for a passionate and results-oriented student in Client and Digital Marketing data.
Very good level in Excel / Powerpoint."	https://fr.indeed.com/rc/clk?jk=9ab7122bd3968231&fccid=a4afddc5b7ad7ec2&vjs=3
Data Scientist (H/F)	17	jours	22-02-2021	Carrefour	Massy (91)				3.9	Ils sont également en charge de la mise en place du projet data et de l'intégration des solutions développées dans l'architecture data de Carrefour.	https://fr.indeed.com/rc/clk?jk=3a4c5adaa527c8d4&fccid=fd2f4adfd7e36c17&vjs=3
Data Engineer Big Data H/F	17	jours	22-02-2021	LCL	Villejuif (94)				3.7	"Types de métiers Crédit Agricole S.A.
Systèmes d'information / Maîtrise d'Ouvrage.
Data Engineer Big Data H/F.
En tant qu’Ingénieur d’études et développement :"	https://fr.indeed.com/rc/clk?jk=226ab665cbef3259&fccid=a1e3f54f00122ead&vjs=3
Community Manager Data & AI-(H/F)	16	jours	22-02-2021	Société Générale Private Banking	La Défense (92)				3.9	Au sein de la Direction de l'Innovation, le rôle du Community Manager Data & AI est de contribuer à l’animation de la communauté Data Science et à l…	https://fr.indeed.com/rc/clk?jk=bf23cc61ee6a3545&fccid=a0a72158131ae2dd&vjs=3
Data Scientist (H/F)	16	jours	22-02-2021	CCR	Paris (75)				4.1	"Au sein du département Transformation Digitale de la Direction des Systèmes d’Information :
La mise en production des développements relatifs à la…"	https://fr.indeed.com/rc/clk?jk=035866c5b4c5a61c&fccid=df6948c9b8da6236&vjs=3
Data Scientist / Statisticien H/F	16	jours	22-02-2021	LNE	Trappes (78)				3.5	Titulaire d’un diplôme d’ingénieur ou d’un Master dans le domaine de la data science, ou titulaire d’un doctorat en mathématiques appliquées, vous disposez d…	https://fr.indeed.com/rc/clk?jk=bf23cc61ee6a3545&fccid=a0a72158131ae2dd&vjs=3
DATA ANALYST H/F	16	jours	22-02-2021	Korian	Paris (75)				3.2	"Agir en lien avec les équipes informatiques en charge de la data et des outils (facturation, CRM…).
De formation supérieure Bac+5 en Ecole de commerce ou Master…"	https://fr.indeed.com/rc/clk?jk=3a4c5adaa527c8d4&fccid=fd2f4adfd7e36c17&vjs=3
data analyst H/F	14	jours	22-02-2021	Elis	Saint-Cloud (92)				3.0	Compréhension d’un modèle de données, construction de requêtes, data quality management (intégrations, extractions, updates, data management rules…).	https://fr.indeed.com/rc/clk?jk=bf23cc61ee6a3545&fccid=a0a72158131ae2dd&vjs=3
DATA ENGINEER PYTHON SQL EXPÉRIMENTÉ F/H	14	jours	22-02-2021	VERDURON LTD	Paris (75)	45000 € 	 50000 € 			"Il s’agit d’un poste de Data Engineer Python SQL pour un client final basé dans le centre de Paris.
Profil du Développeur Python / Data Engineer :"	https://fr.indeed.com/rc/clk?jk=abfc1def1730ac43&fccid=237908de095b6446&vjs=3
Data Transformation & Analytics engineer (H/F)	13	jours	22-02-2021	Saint-Gobain	Courbevoie (92)				3.9	"Il collaborera aux projets métiers dont l’équipe à la charge et travaillera sur les principaux aspects d’un projet big data :
Vos missions en quelques mots :"	https://fr.indeed.com/rc/clk?jk=022251d0e215187a&fccid=359a8b600b310a76&vjs=3
Software Engineer - Dat	13	jours	22-02-2021	eKee	Paris (75)	2500 € 	 3000 € 			"Process and reduce terabytes of data in an efficient way,.
You are not scared of working with dirty user inputs and data sources.
This job is the chance to:"	https://fr.indeed.com/rc/clk?jk=bf23cc61ee6a3545&fccid=a0a72158131ae2dd&vjs=3
Data Analyst (H/F)	13	jours	22-02-2021	Groupe SII	Paris (75)				3.8	Vous interviendrez de façon opérationnelle sur des missions de conseil autour des sujets de transformation Data Analytics, de retraitement et modélisation de…	https://fr.indeed.com/rc/clk?jk=463113bc8cbe92c6&fccid=e463fc7104734a53&vjs=3
Consultant Big Data (H/F)	13	jours	22-02-2021	Apside	Paris (75)				3.8	Maitriser les technologies liées à la data, des outils d’éditeurs, et être toujours en veille sur les dernières innovations du marché (Bases de données/ Python/…	https://fr.indeed.com/rc/clk?jk=abfc1def1730ac43&fccid=237908de095b6446&vjs=3
Data Scientist Prévoyance / Santé Collective CDD H/F	13	jours	22-02-2021	Groupama Gan Vie	Nanterre (92)				3.6	Les activités de Prévoyance / Santé des assurances collectives connaissent une période de profondes mutations : changements juridiques réguliers, arrivée de…	https://fr.indeed.com/rc/clk?jk=bf23cc61ee6a3545&fccid=a0a72158131ae2dd&vjs=3
Data Scientist Senior H/F	12	jours	22-02-2021	Keyrus France	Levallois-Perret (92)					#DataEnthusiast, mordu d'innovation et explorateur de données, vous souhaitez rejoindre une équipe d’Experts exigeants, créatifs et #InnovationCentric ?	https://fr.indeed.com/rc/clk?jk=226ab665cbef3259&fccid=a1e3f54f00122ead&vjs=3
Data Analyst M/F	12	jours	22-02-2021	Sanofi	Gentilly (94)				4.1	"Improve data visualization and data analysis capabilities from Interact (SIA tool).
Data processing by running developed scripts."	https://fr.indeed.com/rc/clk?jk=abfc1def1730ac43&fccid=237908de095b6446&vjs=3
Gestionnaire données clients H/F	12	jours	22-02-2021	Lynks Partner	Paris (75)	38000 € 	 42000 € 			"Lynks Partner recrute pour l’un de ses clients, un groupe bancaire de renommée internationale, un Gestionnaire de données clients.
Nettoyer la base de données."	https://fr.indeed.com/rc/clk?jk=1074ce3b90d8e900&fccid=9852370096dc699e&vjs=3
Data Analyst H/F	12	jours	22-02-2021	Bouygues Telecom	Paris (75)				3.8	Titulaire d'une Licence ou d'un diplôme Bac +4/+5 en école d'ingénieurs ou école de commerce avec spécialisation en data marketing, vous avez déjà une première…	https://fr.indeed.com/rc/clk?jk=035866c5b4c5a61c&fccid=df6948c9b8da6236&vjs=3
Data and Digital Analyst	12	jours	22-02-2021	Sage	Paris (75)				3.4	"Nom du poste à pourvoir Data and Digital Analyst.
Présentation de Sage Nos collaborateurs rendent Sage exceptionnelle.
Nous écrivons notre prochain chapitre."	https://fr.indeed.com/rc/clk?jk=035866c5b4c5a61c&fccid=df6948c9b8da6236&vjs=3
Data Entry Clerk / Junior Data Manager	12	jours	22-02-2021	EBMT	Paris 12e (75)	25000 € 	 28000 € 			"As a Data Manager, you will be in charge of data entry and data quality for specific clinical studies.
To ensure the quality of the data entry (data quality…"	https://fr.indeed.com/rc/clk?jk=abfc1def1730ac43&fccid=237908de095b6446&vjs=3
CDI - Consultant Digital-Data (H/F)	11	jours	22-02-2021	Publicis Groupe	Paris 11e (75)				3.7	"O Définition des stratégies digitales clients (achat, adtech & data).
Ses compétences mondiales orientées data et digital-first génèrent de la valeur pour ses…"	https://fr.indeed.com/rc/clk?jk=abfc1def1730ac43&fccid=237908de095b6446&vjs=3
Data Scientist Validation de Modèles de Conformité (H/F)	11	jours	22-02-2021	Natixis	Paris (75)				4.0	"Vous êtes diplômé(e) d'une grande école ou d'un Master en data science,.
Vous avez une expérience de 5 ans minimum dans un environnement de data science, de…"	https://fr.indeed.com/rc/clk?jk=4f1ab14136fc9d02&fccid=09e12974662898fb&vjs=3
Data Analyst F/H	11	jours	22-02-2021	La Banque Postale	Issy-les-Moulineaux (92)				3.7	"Bac + 5 en statistiques et/ou data analyse.
Rejoindre La Banque Postale, c'est intégrer une banque citoyenne, dynamique et innovante, qui poursuit un…"	https://fr.indeed.com/company/ABD-Partners/jobs/Data-Scientist-c47c0457a9014111?fccid=c1bbfdba6f77f7b9&vjs=3
ESG Data Analyst - Data & Methodologies (m/f/d)	11	jours	22-02-2021	Allianz Global Investors	Paris (75)				3.9	"Expected outputs would include innovation around future data as well as ESG and impact client reporting.
The candidate will be able to work closely with data…"	https://fr.indeed.com/company/ABD-Partners/jobs/Data-Scientist-c47c0457a9014111?fccid=c1bbfdba6f77f7b9&vjs=3
Gestionnaire Bases de Données H/F	11	jours	22-02-2021	Groupe Alpha	Paris (75)				3.6	Nous recherchons Un Gestionnaire Bases de Données dans le cadre du développement de notre activité de Mobilités et Développement RH.	https://fr.indeed.com/rc/clk?jk=2af95d8c1a6d5636&fccid=3c43349a97cfd43a&vjs=3
Data Quality Scientist (H/F)	11	jours	22-02-2021	Natixis	Paris (75)				4.0	De Formation supérieure (Bac+5 min.), vous avez une ou plusieurs expériences significatives et valorisantes dans le domaine de la data (Exploration et…	https://fr.indeed.com/rc/clk?jk=463113bc8cbe92c6&fccid=e463fc7104734a53&vjs=3
Data Engineer (H/F)	11	jours	22-02-2021	CCR	Paris (75)				4.1	Dans le cadre du développement de ses activités, la Direction des Systèmes d'Information du Groupe CCR recherche son ou sa futur Data Engineer pour rejoindre et…	https://fr.indeed.com/rc/clk?jk=9ab7122bd3968231&fccid=a4afddc5b7ad7ec2&vjs=3
CHEF DE PROJET BI / DATA VISUALISATION CDD 4 à 6 mois (H/F)	10	jours	22-02-2021	IRI	Chambourcy (78)	40000 € 	 45000 € 		3.6	Vous souhaitez accompagner les grandes enseignes de distribution ou les intervenants majeurs des PGC dans la transformation de leur offre vers des produits plus…	https://fr.indeed.com/rc/clk?jk=3bc553a684b5f26b&fccid=cd304444faef7894&vjs=3
Data Scientist H/F	10	jours	22-02-2021	EOS France	Paris 15e (75)				4.0	Le département Finance, Statistiques et Contrôle de gestion est au cœur du processus d’acquisition de portefeuille de l’ensemble du groupe EOS France.	https://fr.indeed.com/company/ABD-Partners/jobs/Data-Scientist-c47c0457a9014111?fccid=c1bbfdba6f77f7b9&vjs=3
Data scientist, Traitement du Langage (H/F)	10	jours	22-02-2021	Haute Autorité de Santé	Saint-Denis (93)				3.8	"Au sein de l’équipe data, vous serez en charge des projets de traitement automatique du langage (TAL / NLP).
Vous travaillerez dans l'équipe data, rattachée au…"	https://fr.indeed.com/rc/clk?jk=4f1ab14136fc9d02&fccid=09e12974662898fb&vjs=3
Data Scientist Validation de Modèles de Conformité (H/F)	10	jours	22-02-2021	Natixis SA	Paris (75)				3.4	"Vous êtes diplômé(e) d'une grande école ou d'un Master en data science,.
Vous avez une expérience de 5 ans minimum dans un environnement de data science, de…"	https://fr.indeed.com/rc/clk?jk=463113bc8cbe92c6&fccid=e463fc7104734a53&vjs=3
Actuaire Prévoyance Individuelle (Predictive & Data) (F/H)	10	jours	22-02-2021	AXA	Nanterre (92)				3.8	"Proposer une nouvelle vision de la tarification en s'appuyant sur les nouvelles data et en utilisant des méthodes prédictives.
Votre rôle et vos missions."	https://fr.indeed.com/rc/clk?jk=abfc1def1730ac43&fccid=237908de095b6446&vjs=3
Data Officer CDI	10	jours	22-02-2021	LIP MANTRANS CHELLES	Vert-Saint-Denis (77)	11 € 		 heure		"Envie d’intégrer un groupe dynamique avec un fort engagement sociétal et une actualité passionnante ?
Rejoignez MyMobility, leader français du marché du…"	https://fr.indeed.com/rc/clk?jk=2af95d8c1a6d5636&fccid=3c43349a97cfd43a&vjs=3
Data Scientist H/F - Industri	10	jours	22-02-2021	ABD Partners	Paris (75)	36000 € 	 44000 € 			"ABD Partners est un cabinet de recrutement spécialisé en data science et vision par ordinateur.
Vous avez un très bon relationnel et êtes passionné(e) par la…"	https://fr.indeed.com/company/ABD-Partners/jobs/Data-Scientist-c47c0457a9014111?fccid=c1bbfdba6f77f7b9&vjs=3
DATA ENGINEER	10	jours	22-02-2021	Bureau Veritas	Puteaux (92)				3.7	"Implement data solutions, notably data pipelines, participate to solution design for new and existing projects.
Integrate model services with data pipelines."	https://fr.indeed.com/rc/clk?jk=bf23cc61ee6a3545&fccid=a0a72158131ae2dd&vjs=3
Data Scientist H/F - Site de Paris	10	jours	22-02-2021	EOS France	Paris (75)	40000 € 	 50000 € 			Le groupe EOS, filiale à 100% du groupe allemand OTTO, présent dans 26 pays, est l’un des leaders internationaux de la gestion et de l’acquisition de créances.	https://fr.indeed.com/rc/clk?jk=bf23cc61ee6a3545&fccid=a0a72158131ae2dd&vjs=3
Climate Data Engineer (F/H) - PARIS	10	jours	22-02-2021	AXA	Paris (75)				3.8	"Industrialisation de modèles de data science en environnement de prod.
Mise à disposition des données brutes pour des enjeux de data science, construction de…"	https://fr.indeed.com/rc/clk?jk=3bc553a684b5f26b&fccid=cd304444faef7894&vjs=3
Actuaire Prévoyance Individuelle (Predictive & Data) (F/H)	10	jours	22-02-2021	AXA France	Nanterre (92)				3.8	Proposer une nouvelle vision de la tarification en s'appuyant sur les nouvelles data et en utilisant des méthodes prédictives.	https://fr.indeed.com/pagead/clk?mo=r&ad=-6NYlbfkN0A9Popqtx5W0sXdhE0EBXn1dIdTU5gI_fOOKLKKm894A8lUUArFxRYj8TuW8BvkGFHuM18u0flS4M0GSa9D3UtqTiClGSbt7-6MiR8dInhVkYa7kLL8yam82qAe7iNlId8Vs7uZJbSevUO2skTPRa7r3od7owOz2fmfUM8l1tiTObqMy5PK-cm1HiiJxr_8TL64666YOOxq7D_cdFXe4IPwI1KyAhAEIL-g4awBUg9tuyOnksqw19YCyXAgIppXRVD_1Z3G5-V_Mx1yGeOMR1e_7IScG6Nz55SHuYGCUrPIBXorUbCFM5tAc30Q-QEtROfLcN8kATXeacclUkwXf_j335aigJH6dJZVMfKOAJ6G9ztA2MxYPx_HAUTnAQnOsYQ6OEVAuyla7rvcsnrpMRZn9hST5WpZb-xfXO6hYMwO6eyxFNwKPUxqjR4F7K5Cr1_IRf38exNtGw==&p=0&fvj=1&vjs=3
Product Data Analyst	10	jours	22-02-2021	Teads	Paris (75)				3.0	"Crunch large sets of data to detect potential issues or opportunities.
Work closely with our Engineering Team to ensure our data warehouse fits the business…"	https://fr.indeed.com/company/AGYLIS/jobs/Data-Engineer-fec5c6457d0d8939?fccid=ba755be2fca96675&vjs=3
Ingénieur DATA SCIENTIST F/H	10	jours	22-02-2021	Triskell Consulting	Issy-les-Moulineaux (92)	33506 € 	 56355 € 			"Dans le cadre de nos activités de prestations intellectuelles, nous recrutons un Ingénieur Système Analyste de données..
Type d'emploi : Temps plein, CDI."	https://fr.indeed.com/company/AGYLIS/jobs/Data-Engineer-fec5c6457d0d8939?fccid=ba755be2fca96675&vjs=3
DATA EXPERT	10	jours	22-02-2021	Abnex	Paris 18e (75)	40000 € 	 55000 € 			"Abnex est une agence de staffing IT & Marketing.
Dans le cadre d'un besoin client dans le domaine du Marketing digital et Publicité, nous recherchons un Data…"	https://fr.indeed.com/rc/clk?jk=1074ce3b90d8e900&fccid=9852370096dc699e&vjs=3
Data Analyst -(H/F)	10	jours	22-02-2021	Lyxor	La Défense (92)				3.9	"Et si c’était vous ?
Plus qu’un poste, un tremplin.
Nous sommes un employeur garantissant l'égalité des chances et nous sommes fiers de faire de la diversité…"	https://fr.indeed.com/pagead/clk?mo=r&ad=-6NYlbfkN0A9Popqtx5W0sXdhE0EBXn1dIdTU5gI_fOOKLKKm894A8lUUArFxRYj8TuW8BvkGFHuM18u0flS4M0GSa9D3UtqTiClGSbt7-6MiR8dInhVkYa7kLL8yam82qAe7iNlId8Vs7uZJbSevUO2skTPRa7r3od7owOz2fmfUM8l1tiTObqMy5PK-cm1HiiJxr_8TL64666YOOxq7D_cdFXe4IPwI1KyAhAEIL-g4awBUg9tuyOnksqw19YCyXAgIppXRVD_1Z3G5-V_Mx1yGeOMR1e_7IScG6Nz55SHuYGCUrPIBXorUbCFM5tAc30Q-QEtROfLcN8kATXeacclUkwXf_j335aigJH6dJZVMfKOAJ6G9ztA2MxYPx_HAUTnAQnOsYQ6OEVAuyla7rvcsnrpMRZn9hST5WpZb-xfXO6hYMwO6eyxFNwKPUxqjR4F7K5Cr1_IRf38exNtGw==&p=0&fvj=1&vjs=3
Data analyst - Chargé de missions stat (H/F)	9	jours	22-02-2021	AUDIENS	Vanves (92)				3.5	"Audiens, groupe de protection sociale, à l'écoute des professionnels de la culture, de la communication et des médias.
Type d'emploi : Temps plein."	https://fr.indeed.com/rc/clk?jk=3a4c5adaa527c8d4&fccid=fd2f4adfd7e36c17&vjs=3
OPERATEUR DATA EN CDD 6 MOIS (H/F)	9	jours	22-02-2021	CREDIT MUTUEL ASSET MANAGEMENT	Paris 2e (75)					"Société de Gestion d’actifs de Crédit Mutuel Alliance Fédérale, Crédit Mutuel Asset Management assure :
La création, et la gestion des Organismes de Placement…"	https://fr.indeed.com/rc/clk?jk=3a4c5adaa527c8d4&fccid=fd2f4adfd7e36c17&vjs=3
Data Steward Coordinator GCP F/H	9	jours	22-02-2021	Atos	Bezons (95)				3.5	Atos est un leader international de la transformation digitale avec 110 000 collaborateurs et un chiffre d’affaires annuel de 12 milliards d’euros.	https://fr.indeed.com/rc/clk?jk=3a4c5adaa527c8d4&fccid=fd2f4adfd7e36c17&vjs=3
Data scientist, Traitement du Langage (H/F) - Direction Géné...	9	jours	22-02-2021	Haute autorité de Santé	Saint-Denis (93)				3.8	"Au sein de l’équipe data, vous serez en charge des projets de traitement automatique du langage (TAL / NLP).
Vous travaillerez dans l'équipe data, rattachée au…"	https://fr.indeed.com/rc/clk?jk=abfc1def1730ac43&fccid=237908de095b6446&vjs=3
Consultant Data Analyst H/F	7	jours	22-02-2021	Compleo RH	Paris (75)	35000 € 	 70000 € 			Dans le cadre du développement de notre client, société à taille humaine spécialisée dans la transformation digitale, nous recherchons deux Consultants Data…	https://fr.indeed.com/rc/clk?jk=1074ce3b90d8e900&fccid=9852370096dc699e&vjs=3
Data Analyst Marketing H/F	7	jours	22-02-2021	LSA Courtage	Rueil-Malmaison (92)	30000 € 	 32000 € 			"Le groupe LSA est un groupe de sociétés de courtage d’assurance dont la plus importante, LSA Courtage, a été créée en 1970.
Type d'emploi : Temps plein, CDI."	https://fr.indeed.com/company/ABD-Partners/jobs/Data-Scientist-c47c0457a9014111?fccid=c1bbfdba6f77f7b9&vjs=3
Data scientist - Python (H/F)	7	jours	22-02-2021	Groupe CASINO	Paris (75)				3.4	Partenaire officiel d'E-Works, nous diffusons régulièrement des offres dans tous les domaines du digital (webmarketing / développement / webdesign / social…	https://fr.indeed.com/rc/clk?jk=035866c5b4c5a61c&fccid=df6948c9b8da6236&vjs=3
Consultant Data Visualization & Analytics	7	jours	22-02-2021	Excelcio	Paris (75)					"Piloter des projets de déploiement de solutions de data visualization & analytics.
Expert Data Visualization et EPM (Entreprise Performance Management),…"	https://fr.indeed.com/rc/clk?jk=035866c5b4c5a61c&fccid=df6948c9b8da6236&vjs=3
Gestionnaire de base de données H/F	7	jours	22-02-2021	Champion Entreprises	Paris 16e (75)					Groupe familial en pleine croissance, CHAMPION est un leader de la distribution de fournitures pour l'industrie et le bâtiment (outillage, vêtement de travail,…	https://fr.indeed.com/rc/clk?jk=9ab7122bd3968231&fccid=a4afddc5b7ad7ec2&vjs=3
Data Analyste - POE - H/F	6	jours	22-02-2021	Business & Decision	La Défense (92)				3.2	"Agir là où data et digital façonnent l'avenir des entreprises.
Explorer de nouvelles pistes et de nouveaux usages ""data"" pour être force de proposition."	https://fr.indeed.com/pagead/clk?mo=r&ad=-6NYlbfkN0A9Popqtx5W0sXdhE0EBXn1dIdTU5gI_fOOKLKKm894A8lUUArFxRYj8TuW8BvkGFHuM18u0flS4M0GSa9D3UtqTiClGSbt7-6MiR8dInhVkYa7kLL8yam82qAe7iNlId8Vs7uZJbSevUO2skTPRa7r3od7owOz2fmfUM8l1tiTObqMy5PK-cm1HiiJxr_8TL64666YOOxq7D_cdFXe4IPwI1KyAhAEIL-g4awBUg9tuyOnksqw19YCyXAgIppXRVD_1Z3G5-V_Mx1yGeOMR1e_7IScG6Nz55SHuYGCUrPIBXorUbCFM5tAc30Q-QEtROfLcN8kATXeacclUkwXf_j335aigJH6dJZVMfKOAJ6G9ztA2MxYPx_HAUTnAQnOsYQ6OEVAuyla7rvcsnrpMRZn9hST5WpZb-xfXO6hYMwO6eyxFNwKPUxqjR4F7K5Cr1_IRf38exNtGw==&p=0&fvj=1&vjs=3
Data analyst confirmé H/F	6	jours	22-02-2021	Radio France	Paris (75)				4.2	"Avoir déjà manipulé des outils de data-visualisation ;
Data analyst confirmé H/F.
Encadré(e) par le responsable de l'équipe Data Marketing, le/la Data Analyst…"	https://fr.indeed.com/rc/clk?jk=4f1ab14136fc9d02&fccid=09e12974662898fb&vjs=3
Chargé (e) DATA et Pilotage des flux	6	jours	22-02-2021	PREFIKAR	Les Ulis (91)	40000 € 	 50000 € 			"Dans les cadre de sa fonction le/la chargé(e) aura pour missions:
OPERATIONS - Accompagner les opérations dans le pilotage de leur activité:"	https://fr.indeed.com/rc/clk?jk=022251d0e215187a&fccid=359a8b600b310a76&vjs=3
Digital Marketing and Data Officer	6	jours	22-02-2021	L'Organisation mondiale de la santé animale (OIE)	Paris (75)					"Research, analyse and interpret data from different digital channels.
Awareness to position the organisation’s leadership with a specific focus on global animal…"	https://fr.indeed.com/rc/clk?jk=2af95d8c1a6d5636&fccid=3c43349a97cfd43a&vjs=3
Data Manager H/F	6	jours	22-02-2021	Groupe Prunay	Louveciennes (78)	35000 € 	 40000 € 		3.0	"Qualité et Performance - Data Manager.
Au sein de la Direction des Opérations, le Data Manager élabore des outils de pilotage (indicateurs, tableaux de bords,…)…"	https://fr.indeed.com/rc/clk?jk=02bd08157e7db6ab&fccid=0f5477dfb7d07060&vjs=3
Data Scientist	6	jours	22-02-2021	Storelift	Ivry-sur-Seine (94)					"Promote a data-driven culture and inspire others to critical thinking.
You have at least 2 years experience of working as a data scientist.
Boxy is open 24/7."	https://fr.indeed.com/rc/clk?jk=463113bc8cbe92c6&fccid=e463fc7104734a53&vjs=3
Data Engineer (H/F)	6	jours	22-02-2021	HAVANA IT & APPS	Paris (75)				4.7	En 2019, nous investissons sur la donnée et la data science avec l’acquisition de Data2I apportant son expertise sur l’analyse prédictive.	https://fr.indeed.com/rc/clk?jk=d6384449bb1448f4&fccid=e463fc7104734a53&vjs=3
Data Engineer H/F	5	jours	22-02-2021	Colas	Paris (75)				3.7	"Approfondir les nouvelles techniques de traitements des plateformes Big data.
Votre principale mission consistera à développer les outils informatiques de la…"	https://fr.indeed.com/rc/clk?jk=3bc553a684b5f26b&fccid=cd304444faef7894&vjs=3
Consultant Data Protection (H/F)	5	jours	22-02-2021	intrinsec	Paris (75)					"Expérience souhaitée : Confirmé (2 à 5 ans d'expérience).
Nous vous proposons de rejoindre notre équipe de consultants experts au sein de laquelle vous…"	https://fr.indeed.com/company/AGYLIS/jobs/Data-Engineer-fec5c6457d0d8939?fccid=ba755be2fca96675&vjs=3
Chargé(e) d'études géomarketing & dat	5	jours	22-02-2021	Bouygues Telecom	Meudon (92)				3.8	Au sein de la Direction de la Stratégie, le pôle Géomarketing & Connaissance Business a pour vocation d’analyser l’évolution du marché et des usages afin de…	https://fr.indeed.com/rc/clk?jk=035866c5b4c5a61c&fccid=df6948c9b8da6236&vjs=3
Senior Data Scientist	5	jours	22-02-2021	Cisco Systems	Issy-les-Moulineaux (92)				4.1	"Identify patterns and interactions in the data, and to clearly articulate impact of such data properties on proposed usecases.
This is the mission of our team."	https://fr.indeed.com/rc/clk?jk=463113bc8cbe92c6&fccid=e463fc7104734a53&vjs=3
Data Scientist H/F	5	jours	22-02-2021	Dassault Systèmes	Vélizy-Villacoublay (78)				4.1	"Vous justifiez d 1 à 3 ans d’expérience en data sciences ou développement fullstack.
Des services intelligents, basés que la data science et l’intelligence…"	https://fr.indeed.com/rc/clk?jk=022251d0e215187a&fccid=359a8b600b310a76&vjs=3
Senior Data Analyst	5	jours	22-02-2021	Club Med	La Villette (75)				4.0	Contribuer activement à l’innovation et à la transformation Data en cours en étant acteur de la mise en place de la stratégie Data Lake (exemple : data model…	https://fr.indeed.com/rc/clk?jk=226ab665cbef3259&fccid=a1e3f54f00122ead&vjs=3
Chef de projet BI & Dat	5	jours	22-02-2021	Eulidia	Paris 1er (75)	45000 € 		 an		En tant que Chef de projet BI & Dataviz, vous intervenez en MOE / AMOA sur les projets majeurs en data et de transformation des usages de la « BI » de nos…	https://fr.indeed.com/company/AGYLIS/jobs/Data-Engineer-fec5c6457d0d8939?fccid=ba755be2fca96675&vjs=3
Data Analyste datamining - Support à la producti	5	jours	22-02-2021	SFR	Paris (75)				3.6	"Au sein de la Direction Développement Commercial & Business Intelligence B2B - Service Pilotage et PRV,.
Il/elle développe les reportings spécifiques sur les…"	https://fr.indeed.com/pagead/clk?mo=r&ad=-6NYlbfkN0A9Popqtx5W0sXdhE0EBXn1dIdTU5gI_fOOKLKKm894A8lUUArFxRYj8TuW8BvkGFHuM18u0flS4M0GSa9D3UtqTiClGSbt7-6MiR8dInhVkYa7kLL8yam82qAe7iNlId8Vs7uZJbSevUO2skTPRa7r3od7owOz2fmfUM8l1tiTObqMy5PK-cm1HiiJxr_8TL64666YOOxq7D_cdFXe4IPwI1KyAhAEIL-g4awBUg9tuyOnksqw19YCyXAgIppXRVD_1Z3G5-V_Mx1yGeOMR1e_7IScG6Nz55SHuYGCUrPIBXorUbCFM5tAc30Q-QEtROfLcN8kATXeacclUkwXf_j335aigJH6dJZVMfKOAJ6G9ztA2MxYPx_HAUTnAQnOsYQ6OEVAuyla7rvcsnrpMRZn9hST5WpZb-xfXO6hYMwO6eyxFNwKPUxqjR4F7K5Cr1_IRf38exNtGw==&p=0&fvj=1&vjs=3
CDD - Data Analyst (F/H) - Franc	5	jours	22-02-2021	Sephora	Neuilly-sur-Seine (92)				3.9	"Participer à la création des analyses prévisionnelles (forecasts) en lien avec les équipes animation commerciale, data et supply.
Big Query est un plus."	https://fr.indeed.com/pagead/clk?mo=r&ad=-6NYlbfkN0A9Popqtx5W0sXdhE0EBXn1dIdTU5gI_fOOKLKKm894A8lUUArFxRYj8TuW8BvkGFHuM18u0flS4M0GSa9D3UtqTiClGSbt7-6MiR8dInhVkYa7kLL8yam82qAe7iNlId8Vs7uZJbSevUO2skTPRa7r3od7owOz2fmfUM8l1tiTObqMy5PK-cm1HiiJxr_8TL64666YOOxq7D_cdFXe4IPwI1KyAhAEIL-g4awBUg9tuyOnksqw19YCyXAgIppXRVD_1Z3G5-V_Mx1yGeOMR1e_7IScG6Nz55SHuYGCUrPIBXorUbCFM5tAc30Q-QEtROfLcN8kATXeacclUkwXf_j335aigJH6dJZVMfKOAJ6G9ztA2MxYPx_HAUTnAQnOsYQ6OEVAuyla7rvcsnrpMRZn9hST5WpZb-xfXO6hYMwO6eyxFNwKPUxqjR4F7K5Cr1_IRf38exNtGw==&p=0&fvj=1&vjs=3
Développeur Senior C# - Big Data en Freelance H/F	4	jours	22-02-2021	WeTrouveIT	Courbevoie (92)	600 € 		 jour		"Une bonne connaissance des market data serait un vrai plus Objectifs.
Dans le cadre de son projet de historization des market data, l’équipe recherche un…"	https://fr.indeed.com/rc/clk?jk=2af95d8c1a6d5636&fccid=3c43349a97cfd43a&vjs=3
Data Analyst Tableau - Paris H/F	4	jours	22-02-2021	Devoteam	Levallois-Perret (92)				3.8	"Communiquer et évangéliser les enjeux de transformation des organisations sur les métiers de la data.
Répondre à leurs besoins et les conseiller sur ces sujets …"	https://fr.indeed.com/rc/clk?jk=022251d0e215187a&fccid=359a8b600b310a76&vjs=3
Data Designer-(H/F)	4	jours	22-02-2021	Société Générale	Fontenay-sous-Bois (94)				3.9	"Au sein du groupe Société Générale, vous rejoignez la Direction DDS Digital & Data Services au sein du service Referentials.
Et si c’était vous ?"	https://fr.indeed.com/rc/clk?jk=022251d0e215187a&fccid=359a8b600b310a76&vjs=3
Consultant Data & IA H/F	4	jours	22-02-2021	onepoint	Paris 16e (75)				3.4	Onepoint est l’architecte des grandes transformations des entreprises et des acteurs publics, que ces transformations soient métier, tech ou organisationnelles…	https://fr.indeed.com/rc/clk?jk=02bd08157e7db6ab&fccid=0f5477dfb7d07060&vjs=3
Data Engineer GCP H/F	4	jours	22-02-2021	ABD Partners	Paris (75)	40000 € 	 55000 € 			"ABD Partners est un cabinet de recrutement spécialisé en data science et vision par ordinateur.
Nous recherchons un(e) Data Engineer ayant une expérience d'au…"	https://fr.indeed.com/rc/clk?jk=3a4c5adaa527c8d4&fccid=fd2f4adfd7e36c17&vjs=3
Data Analyst H/F - YVES ROCHER	4	jours	22-02-2021	Groupe Yves Rocher	Issy-les-Moulineaux (92)				4.1	"En étant en support des métiers et des data stewards.
En collaboration avec les parties prenantes, vous contribuez à la data governance :"	https://fr.indeed.com/rc/clk?jk=022251d0e215187a&fccid=359a8b600b310a76&vjs=3
Data analyst	4	jours	22-02-2021	Strathom	Paris (75)				4.0	Azure, BI, data analyst, Informatique, PowerBI, UX, Viz.	https://fr.indeed.com/rc/clk?jk=022251d0e215187a&fccid=359a8b600b310a76&vjs=3
DÉVELOPPEUR BIG DATA H/F	4	jours	22-02-2021	Chela+	Paris (75)					Dans le cadre du développement de nos activités en Île-de-France, nous recrutons un(e) Développeur(euse) Big Data H/F.	https://fr.indeed.com/rc/clk?jk=9ab7122bd3968231&fccid=a4afddc5b7ad7ec2&vjs=3
Analyste Master Data SAP (H/F)	4	jours	22-02-2021	Supplay	Gentilly (94)	49000 € 		 an	3.8	"""Acteur majeur dans le secteur de l'intérim et du recrutement, Supplay poursuit sa croissance en gardant une culture d'entreprise fondée sur le respect et l…"	https://fr.indeed.com/rc/clk?jk=bf23cc61ee6a3545&fccid=a0a72158131ae2dd&vjs=3
RESPONSABLE DATA MANAGEMENT H/F	4	jours	22-02-2021	France Télévisions	Hauts-de-Seine				4.2	Venez rejoindre l'équipe Data composée d'une vingtaine de personnes aux compétences variées (web analysts, data analyst, PO Data, chef de projet, data scientist…	https://fr.indeed.com/rc/clk?jk=463113bc8cbe92c6&fccid=e463fc7104734a53&vjs=3
Data Engineer H/F	4	jours	22-02-2021	JCDecaux FR	Neuilly-sur-Seine (92)				3.8	Au sein de la nouvelle Direction Data, chargée de l'exploitation et de la valorisation des données à travers le groupe, nous recherchons un Data Engineer H/F…	https://fr.indeed.com/company/ABD-Partners/jobs/Data-Scientist-c47c0457a9014111?fccid=c1bbfdba6f77f7b9&vjs=3
Ingénieur Big Dat	4	jours	22-02-2021	CGILANUM	Paris 17e (75)	40000 € 	 55000 € 			"CGILANUM, cabinet d'expertise et de conseil, recherche des ingénieurs disposant d'une expertise technique sur le Big Data.
Type d'emploi : Temps plein, CDI."	https://fr.indeed.com/rc/clk?jk=abfc1def1730ac43&fccid=237908de095b6446&vjs=3
Consultant Data Scientist F/H	4	jours	22-02-2021	VISEO	Boulogne-Billancourt (92)				3.3	"Participation à des challenges Data science, concours Kaggles, driven data.
Dans le cadre de notre pôle Data Science, nous souhaitons recruter un Data Scientist…"	https://fr.indeed.com/rc/clk?jk=bf23cc61ee6a3545&fccid=a0a72158131ae2dd&vjs=3
Consultant Data Analytics| Assurance| CDI| H/F	3	jours	22-02-2021	PwC	Neuilly-sur-Seine (92)				4.0	"Ou dans la retraitement de données et le développement de data visualisations (Tableau, Power BI, Qlikview, Alteryx, etc.).
Bienvenue au cœur du big bang !"	https://fr.indeed.com/rc/clk?jk=bf23cc61ee6a3545&fccid=a0a72158131ae2dd&vjs=3
Assistant Inspecteur Data H/F	3	jours	22-02-2021	CRÉDIT AGRICOLE CIB	Montrouge (92)				3.9	"Travaux préparatoires à la mission (identification des données sources utiles, collecte des data, nettoyage…),.
Travaux de cadrage de la mission,."	https://fr.indeed.com/rc/clk?jk=035866c5b4c5a61c&fccid=df6948c9b8da6236&vjs=3
Data Steward	3	jours	22-02-2021	Sage	Paris (75)				3.4	Mettre en place et animer la communauté data (newsletters, évènements, charte…) en collaboration avec le Data Office Manager et assurer la communication avec…	https://fr.indeed.com/rc/clk?jk=1074ce3b90d8e900&fccid=9852370096dc699e&vjs=3
Data Analyst H/F	3	jours	22-02-2021	CRÉDIT AGRICOLE ASSURANCES	Paris 15e (75)				3.9	"Développer l’utilisation de techniques innovantes (data science) pour exploiter la multitude de données disponibles.
O Mesurer les gains réalisés."	https://fr.indeed.com/pagead/clk?mo=r&ad=-6NYlbfkN0A9Popqtx5W0sXdhE0EBXn1dIdTU5gI_fOOKLKKm894A8lUUArFxRYj8TuW8BvkGFHuM18u0flS4M0GSa9D3UtqTiClGSbt7-6MiR8dInhVkYa7kLL8yam82qAe7iNlId8Vs7uZJbSevUO2skTPRa7r3od7owOz2fmfUM8l1tiTObqMy5PK-cm1HiiJxr_8TL64666YOOxq7D_cdFXe4IPwI1KyAhAEIL-g4awBUg9tuyOnksqw19YCyXAgIppXRVD_1Z3G5-V_Mx1yGeOMR1e_7IScG6Nz55SHuYGCUrPIBXorUbCFM5tAc30Q-QEtROfLcN8kATXeacclUkwXf_j335aigJH6dJZVMfKOAJ6G9ztA2MxYPx_HAUTnAQnOsYQ6OEVAuyla7rvcsnrpMRZn9hST5WpZb-xfXO6hYMwO6eyxFNwKPUxqjR4F7K5Cr1_IRf38exNtGw==&p=0&fvj=1&vjs=3
CRM ADMINISTRATOR AND DATA ANALYST	3	jours	22-02-2021	Director, IT, The American University of Paris	Paris 7e (75)	45000 € 	 50000 € 			"Ensures data integrity in CRM system as well as maintaining the processes to support the data quality.
Work closely with data owners and managers in SLCMS areas…"	https://fr.indeed.com/rc/clk?jk=226ab665cbef3259&fccid=a1e3f54f00122ead&vjs=3
Développeur Data / SQL – H/F	3	jours	22-02-2021	Cyllene	Paris (75)				5.0	"Implémenter et mettre en place des traitements de données dans leur intégralité (data pipeline) :
Vous justifiez d’une expérience professionnelle de 2 ans…"	https://fr.indeed.com/rc/clk?jk=226ab665cbef3259&fccid=a1e3f54f00122ead&vjs=3
Big Data Engineer	3	jours	22-02-2021	Teceze Ltd	Paris (75)	3610 € 	 4412 € 			"Experience processing large amounts of structured and unstructured data, including integrating data from multiple sources.
Gather and process raw data at scale."	https://fr.indeed.com/rc/clk?jk=d6384449bb1448f4&fccid=e463fc7104734a53&vjs=3
Chief data officier F/H	3	jours	22-02-2021	JACEM IT	Nanterre (92)	80000 € 	 100000 € 			Mise en place des architectures data, création des bases de données et organisation des flux de données entre les sources et les bases de stockage (data lake /…	https://fr.indeed.com/rc/clk?jk=022251d0e215187a&fccid=359a8b600b310a76&vjs=3
Développeur logiciel/data scientist F/H	3	jours	22-02-2021	VINCI	Saint-Merri (75)				3.8	"Une autre compétence requise est celle du data scientist.
Développeur logiciel/data scientist en stage(H/F).
DIANE (ou Digital et Intelligence Artificielle pour…"	https://fr.indeed.com/rc/clk?jk=abfc1def1730ac43&fccid=237908de095b6446&vjs=3
Data Protection Officer - APAC (H/F)	3	jours	22-02-2021	Ubisoft	Montreuil (93)				3.9	Accompagner avec une approche « privacy by design » les équipes et en particulier celles en charge de partenariats locaux, de la publicité en ligne, du site de…	https://fr.indeed.com/rc/clk?jk=02bd08157e7db6ab&fccid=0f5477dfb7d07060&vjs=3
Data Intégrati	2	jours	22-02-2021	Saint-Gobain	Courbevoie (92)				3.9	Rattaché au Team Lead Synergy, vous aurez pour mission de participer à la redéfinition de la stratégie d’intégration et middleware pour toute l’industrie Saint…	https://fr.indeed.com/rc/clk?jk=4f1ab14136fc9d02&fccid=09e12974662898fb&vjs=3
Manager Data Strategy et Business Intelligenc	2	jours	22-02-2021	L'Olivier assurance	Paris 20e (75)				3.0	En rejoignant L'olivier, vous aurez l'opportunité de contribuer à des projets innovants et digitaux portés par une forte culture du test and learn et une…	https://fr.indeed.com/rc/clk?jk=1074ce3b90d8e900&fccid=9852370096dc699e&vjs=3
Consultant BI / Data viz	2	jours	22-02-2021	VISIAN	Levallois-Perret (92)					Visian est une société de conseil et de développement de l'innovation, spécialisée dans l’IoT, la Data, l’Intelligence Artificielle et plus largement dans l…	https://fr.indeed.com/rc/clk?jk=02bd08157e7db6ab&fccid=0f5477dfb7d07060&vjs=3
Développeur Big Data (Spark et Hadoop)	2	jours	22-02-2021	Ciorane	Paris 3e (75)	38000 € 	 43000 € 			"Implémenter et mettre en place des traitements de données dans leur intégralité (data pipeline).
Vous justifiez d’une expérience professionnelle de 2 ans…"	https://fr.indeed.com/rc/clk?jk=1074ce3b90d8e900&fccid=9852370096dc699e&vjs=3
Regulatory Data Analyst H/F	2	jours	22-02-2021	CRÉDIT AGRICOLE S.A.	Montrouge (92)				3.9	A la Direction Finances Groupe, nous pilotons les équilibres financiers du groupe Crédit Agricole afin d’en garantir la stabilité dans le temps.	https://fr.indeed.com/rc/clk?jk=bf23cc61ee6a3545&fccid=a0a72158131ae2dd&vjs=3
Data Analyst (IT)	2	jours	22-02-2021	SETELIA	Paris (75)	30 € 	 50 € 		3.6	"Etre responsable de la collecte, de l’agrégation et de l’analyse des données structurées pour le marché professionnel.
SQL , Data VIZ , Big Query ."	https://fr.indeed.com/company/ABD-Partners/jobs/Data-Scientist-c47c0457a9014111?fccid=c1bbfdba6f77f7b9&vjs=3
Manager Data Analyst	2	jours	22-02-2021	CAPENCY	Enghien-les-Bains (95)	40000 € 	 45000 € 			"Créée en 2007, CAPENCY (anciennement CAP ADRESSE) est un acteur majeur du marché de la gestion des données clients.
Mettre à jour les procédures techniques,."	https://fr.indeed.com/pagead/clk?mo=r&ad=-6NYlbfkN0A9Popqtx5W0sXdhE0EBXn1dIdTU5gI_fOOKLKKm894A8lUUArFxRYj8TuW8BvkGFHuM18u0flS4M0GSa9D3UtqTiClGSbt7-6MiR8dInhVkYa7kLL8yam82qAe7iNlId8Vs7uZJbSevUO2skTPRa7r3od7owOz2fmfUM8l1tiTObqMy5PK-cm1HiiJxr_8TL64666YOOxq7D_cdFXe4IPwI1KyAhAEIL-g4awBUg9tuyOnksqw19YCyXAgIppXRVD_1Z3G5-V_Mx1yGeOMR1e_7IScG6Nz55SHuYGCUrPIBXorUbCFM5tAc30Q-QEtROfLcN8kATXeacclUkwXf_j335aigJH6dJZVMfKOAJ6G9ztA2MxYPx_HAUTnAQnOsYQ6OEVAuyla7rvcsnrpMRZn9hST5WpZb-xfXO6hYMwO6eyxFNwKPUxqjR4F7K5Cr1_IRf38exNtGw==&p=0&fvj=1&vjs=3
Data Scientist senior	2	jours	22-02-2021	MAWENZI PARTNERS	Paris (75)				3.0	"Participer au recrutement de data scientists.
Analyse de données, dont big data.
Mener une veille documentaire sur l’innovation data."	https://fr.indeed.com/rc/clk?jk=9ab7122bd3968231&fccid=a4afddc5b7ad7ec2&vjs=3
Data Management Lead M/F	1	jours	22-02-2021	Sanofi	Gentilly (94)				4.1	Définition, éducation et pilotage des différents rôles de gouvernance de la donnée au sein de l’organisation : data Owner/Steward/Producer/Consumer.	https://fr.indeed.com/rc/clk?jk=4f1ab14136fc9d02&fccid=09e12974662898fb&vjs=3
Ingénieur d'affaires Data (F/H)	1	jours	22-02-2021	Micropole	Levallois-Perret (92)				3.2	"Vous êtes convaincus que l’optimisation du patrimoine data des entreprises est la clé de leur performance ?
Vous êtes au fait des dernières tendances et prêt à…"	https://fr.indeed.com/rc/clk?jk=035866c5b4c5a61c&fccid=df6948c9b8da6236&vjs=3
Data Engineer Expérimenté H/F	1	jours	22-02-2021	Devoteam	Levallois-Perret (92)				3.8	Concevoir et mettre en place des systèmes de données résilients et sécurisés (data warehouse, data lake, systèmes temps-réels).	https://fr.indeed.com/company/AGYLIS/jobs/Data-Engineer-fec5c6457d0d8939?fccid=ba755be2fca96675&vjs=3
Data Scientist dans une startup	1	jours	22-02-2021	Licorne Society	Paris (75)					"Licorne Society est à la recherche de Data Scientist pour des startups innovantes, ne laisse pas passer ta chance !
C’est quoi Licorne Society ?"	https://fr.indeed.com/rc/clk?jk=1074ce3b90d8e900&fccid=9852370096dc699e&vjs=3
Senior Data Engineer	1	jours	22-02-2021	Getpro	Paris (75)	70000 € 	 80000 € 			Description : Avec plus de 30 millions d’utilisateurs à travers le monde, ce réseau social mobile permet à la génération Z d’échanger grâce à des groupes de…	https://fr.indeed.com/rc/clk?jk=226ab665cbef3259&fccid=a1e3f54f00122ead&vjs=3
Consultant Débutant - Analyse de Données – Février 2021 - Pa...	1	jours	22-02-2021	Ernst & Young	La Défense (92)				4.0	"La mise en œuvre des outils d’analyse de données, Data mining ou Big data.
Vous apprenez à maitriser des technologies éprouvées, des outils d’éditeurs ainsi que…"	https://fr.indeed.com/rc/clk?jk=035866c5b4c5a61c&fccid=df6948c9b8da6236&vjs=3
Data Scientist H/F	1	jours	22-02-2021	Groupe Pierre & Vacances - Center Parcs	Paris (75)				3.8	Coopérer avec les data ingénieurs pour le choix du(des) futur(s) outil(s) qu’utiliseront les data analysts/data scientists de l’équipe.	https://fr.indeed.com/rc/clk?jk=022251d0e215187a&fccid=359a8b600b310a76&vjs=3
Référent processus Data Office (F ou H)	1	jours	22-02-2021	SNCF	Saint-Denis (93)				3.9	"Collectez les feuilles de route data et assistez les responsables de données.
Vous faites preuve d'une bonne culture informatique et data, et vous avez des…"	https://fr.indeed.com/pagead/clk?mo=r&ad=-6NYlbfkN0A9Popqtx5W0sXdhE0EBXn1dIdTU5gI_fOOKLKKm894A8lUUArFxRYj8TuW8BvkGFHuM18u0flS4M0GSa9D3UtqTiClGSbt7-6MiR8dInhVkYa7kLL8yam82qAe7iNlId8Vs7uZJbSevUO2skTPRa7r3od7owOz2fmfUM8l1tiTObqMy5PK-cm1HiiJxr_8TL64666YOOxq7D_cdFXe4IPwI1KyAhAEIL-g4awBUg9tuyOnksqw19YCyXAgIppXRVD_1Z3G5-V_Mx1yGeOMR1e_7IScG6Nz55SHuYGCUrPIBXorUbCFM5tAc30Q-QEtROfLcN8kATXeacclUkwXf_j335aigJH6dJZVMfKOAJ6G9ztA2MxYPx_HAUTnAQnOsYQ6OEVAuyla7rvcsnrpMRZn9hST5WpZb-xfXO6hYMwO6eyxFNwKPUxqjR4F7K5Cr1_IRf38exNtGw==&p=0&fvj=1&vjs=3
Geo Data Analyst H/F	1	jours	22-02-2021	JCDecaux FR	Neuilly-sur-Seine (92)				3.8	Rattaché à la Direction Marketing Opérationnel Client au sein de la DGCMD (Direction Générale Commerce Marketing et Développement), vous intégrez une équipe de…	https://fr.indeed.com/rc/clk?jk=022251d0e215187a&fccid=359a8b600b310a76&vjs=3
Data Engineer H/F	1	jours	22-02-2021	APT-SYS MALLYANCE	Rueil-Malmaison (92)					"Big data: 5 ans (Obligatoire).
Booster votre vie, faites le choix Mallyance.
MALLYANCE, entreprise de services du numérique fondée en 2004, est une société qui…"	https://fr.indeed.com/rc/clk?jk=022251d0e215187a&fccid=359a8b600b310a76&vjs=3
Data Scientist - Jeune Docteur	1	jours	22-02-2021	Flatlooker	Paris 18e (75)	2963 € 	 3622 € 			"Centralisation des toutes les données de l’entreprise sur une data warehouse.
La data et l'immobilier sont faits pour s'adorer !
Précautions contre le COVID-19:"	https://fr.indeed.com/company/ABD-Partners/jobs/Data-Scientist-c47c0457a9014111?fccid=c1bbfdba6f77f7b9&vjs=3
DATA Analyst Power BI F/H	1	jours	22-02-2021	ADROMA CONSEIL	Paris (75)					"Outil de data virtualization comme Denodo.
ADROMA CONSEIL est un cabinet de conseil en organisation et management des systèmes d’information ou en…"	https://fr.indeed.com/company/ABD-Partners/jobs/Data-Scientist-c47c0457a9014111?fccid=c1bbfdba6f77f7b9&vjs=3
Data Analyst dans une startup	1	jours	22-02-2021	Licorne Society	Paris (75)					"Licorne Society est à la recherche de Data Analyst pour des startups innovantes, ne laisse pas passer ta chance !
C’est quoi Licorne Society ?"	https://fr.indeed.com/rc/clk?jk=3a4c5adaa527c8d4&fccid=fd2f4adfd7e36c17&vjs=3
Data Analyst Marketing	1	jours	22-02-2021	Axentia	Paris 11e (75)	4100 € 	 4170 € 		3.0	Nous recrutons pour notre Client un DATA ANALYST MARKETING H/F statut Cadre qui aura pour missions de contribuer à l'efficacité du pilotage stratégique et…	https://fr.indeed.com/rc/clk?jk=d6384449bb1448f4&fccid=e463fc7104734a53&vjs=3
Consultant Data & IA H/F	1	jours	22-02-2021	Group onePoint	Paris (75)					"Au sein de la communauté DATA.
IA, vous bénéficiez d'un écosystème de partenaires technologiques de premier plan, de formations certifiantes et pourrez…"	https://fr.indeed.com/rc/clk?jk=022251d0e215187a&fccid=359a8b600b310a76&vjs=3
Deep learning for rating of atypical anatomical patterns on...	1	jours	22-02-2021	Inria	Paris (75)				4.0	"The presence of the IHI pattern can be assessed on magnetic resonance imaging (MRI) data.
The aim of this project is to design and validate a deep learning…"	https://fr.indeed.com/rc/clk?jk=bf23cc61ee6a3545&fccid=a0a72158131ae2dd&vjs=3
