ID,id_ej,finess,rs,adresse,cpl_loc,do_prel,do_antigenic,longitude,latitude,mod_prel,public,horaire,horaire_prio,check_rdv,tel_rdv,web_rdv,date_modif
OUgdUyNd3pM7HohX,010008407,010005239,CH DU HAUT BUGEY - GEOVREISSET,1 RTE DE VEYZIAT 01108 OYONNAX CEDEX,,OUI,NON,5.62734768997551,46.2750589149894,Sur place,Personnel soignant/patients hospitalisés dans l'etablissement,,,,0474731002,,2020-10-29
CzfBJnkzOCt9QofX,060021904,060024247,LBM EUROFINS LABAZUR NICE SITE ST GEORGE,2 AV DE RIMIEZ 06000 NICE,,OUI,NON,7.27287780162723,43.7394118428928,En étab. santé,Hospitalisés,Non ouvert au public,,Sur rendez-vous uniquement,,,2020-10-29
Mqm7oxa6cfUFLTfj,120006309,120783063,CSI UDSMA RODEZ,31 Avenue de la Gineste 12000 Rodez,LABORATOIRE DE SECTEUR LxBIO Béteille - 22 rue Béteille - 12000 Rodez,OUI,NON,2.566289,44.361668,Equipes mobiles,patients fragiles,,,Sur rendez-vous uniquement,06 80 39 53 66 (à partir du lundi 18 mai),,2020-11-26
qpG7QV9emi318C2Q,120006309,120782230,CSI UDSMA MUR DE BARREZ,Avenue du Cardinal Verdier 12600 Mur-de-Barrez,LABORATOIRE DE SECTEUR LxBIO ESPALION - 4 av d'Estaing - 12500 ESPALION,OUI,NON,2.660854,44.843268,Equipes mobiles,patients fragiles,,,Sur rendez-vous uniquement,06 80 39 53 66 (à partir du lundi 18 mai),,2020-11-26
uSeSUjGfk2vJ4mrG,120006309,120782248,CSI UDSMA VILLEFRANCHE DE ROUERGUE,12 Quai du Temple 12200 Villefranche-de-Rouergue,LABORATOIRE DE SECTEUR LxBIO VILLEFRANCHE DE ROUERGUE - place Fontanges - 12200 VILLEFRANCHE DE ROUERGUE,OUI,NON,2.039347,44.34935,Equipes mobiles,patients fragiles,,,Sur rendez-vous uniquement,06 80 39 53 66 (à partir du lundi 18 mai),,2020-11-26
ukxnB4Z2JTUWrNZL,120006309,120782933,CSI UDSMA VILLECOMTAL,Route de Rodez 12580 Villecomtal,LABORATOIRE DE SECTEUR LxBIO ESPALION - 4 av d'Estaing - 12500 ESPALION,OUI,NON,2.567048,44.533753,Equipes mobiles,patients fragiles,,,Sur rendez-vous uniquement,06 80 39 53 66 (à partir du lundi 18 mai),,2020-11-26
AI65YY6sJIZ9Z8Mv,120006309,1207870215,CSI UDSMA St AFFRIQUE,23 Place de la Liberté 12400 Saint-Affrique,LABORATOIRE DE SECTEUR LxBIO St AFFRIQUE 1 Place Lonjon Raynaud 12400 ST AFFRIQUE,OUI,NON,2.887033,43.958674,Equipes mobiles,patients fragiles,,,Sur rendez-vous uniquement,06 80 39 53 66 (à partir du lundi 18 mai),,2020-11-26
axU0OXLLEmcxgojh,120006309,120782255,CSI UDSMA St SERNIN SUR RANCE,20 Avenue d'Albi 12380 Saint-Sernin-sur-Rance,LABORATOIRE DE SECTEUR LxBIO St AFFRIQUE 1 Place Lonjon Raynaud 12400 ST AFFRIQUE,OUI,NON,2.603485,43.885944,Equipes mobiles,patients fragiles,,,Sur rendez-vous uniquement,06 80 39 53 66 (à partir du lundi 18 mai),,2020-11-26
UdZRNEyunCia0tHD,120006309,120786785,CSI UDSMA St BEAUZELY,chemin des gardiès 12620 Saint-Beauzély,LABORATOIRE DE SECTEUR  LxBIO MILLAU - 37 av Jean Jaurès - 12100 MILLAU,OUI,NON,2.95747339725494,44.1667053507021,Equipes mobiles,patients fragiles,,,Sur rendez-vous uniquement,06 80 39 53 66 (à partir du lundi 18 mai),,2020-11-26
igiLis3kwOwSKLHg,120006309,120782966,CSI UDSMA RIGNAC,10 Rue de la Muraille 12390 Rignac,LABORATOIRE DE SECTEUR LxBIO Béteille - 22 rue Béteille - 12000 Rodez,OUI,NON,2.288923,44.409495,Equipes mobiles,patients fragiles,,,Sur rendez-vous uniquement,06 80 39 53 66 (à partir du lundi 18 mai),,2020-11-26
os2COgp4Jp6RRk6L,120006309,120782222,CSI UDSMA MILLAU,26 Rue Lucien Costes 12100 Millau,LABORATOIRE DE SECTEUR  LxBIO MILLAU - 37 av Jean Jaurès - 12100 MILLAU,OUI,NON,3.08298,44.105254,Equipes mobiles,patients fragiles,,,Sur rendez-vous uniquement,06 80 39 53 66 (à partir du lundi 18 mai),,2020-11-26
k3dTumITg7N25OUt,120006309,120783048,CSI UDSMA  DECAZEVILLE,Avenue du 10 Aout 12300 Decazeville,LABORATOIRE DE SECTEUR                                LxBIO DECAZEVILLE - 3 place Cabrol - 12300 Decazeville,OUI,NON,2.255031,44.558601,Equipes mobiles,patients fragiles,,,Sur rendez-vous uniquement,06 80 39 53 66 (à partir du lundi 18 mai),,2020-11-26
sHbl3pT4ALVmRpB2,120006309,120783063,CSI UDSMA CAPDENAC,3 Rue Emile Combe 12700 Capdenac-Gare,LABORATOIRE DE SECTEUR                                LxBIO DECAZEVILLE - 3 place Cabrol - 12300 Decazeville,OUI,NON,2.078768,44.574684,Equipes mobiles,patients fragiles,,,Sur rendez-vous uniquement,06 80 39 53 66 (à partir du lundi 18 mai),,2020-11-26
upKmbXdWnkVdgYOC,120006309,120783055,CSI UDSMA AUBIN CRANSAC,Avenue François Cogné 12110 Aubin,LABORATOIRE DE SECTEUR                                LxBIO DECAZEVILLE - 3 place Cabrol - 12300 Decazeville,OUI,NON,2.266181,44.527869,Equipes mobiles,patients fragiles,,,Sur rendez-vous uniquement,06 80 39 53 66 (à partir du lundi 18 mai),,2020-11-26
pb4DBqhqWkIR5Uia,130041916,130000409,CHI SITE D'AIX EN PROVENCE,AV DES TAMARIS 13616 AIX EN PROVENCE CEDEX 1,Pavillon des Tamaris,OUI,NON,5.44142180485349,43.5357309668568,Sur place,Personnel soignant/Dépistage pré-opératoire,lundi : 8h30-15h | mardi : 8h30-15h | mercredi : 8h30-15h | jeudi : 8h30-15h | vendredi : 8h30-15h | samedi : fermé | dimanche : fermé | jour férié: fermé,,Sur rendez-vous uniquement,,,2020-10-29
Z0L9wii5jaoL06gX,130042161,130042211,LBM ALPHABIO SITE MARSEILLE/GIORGETTI,6 R ROCCA 13008 MARSEILLE,,OUI,NON,5.38598552512663,43.2701289704575,Sur place,FIV,lundi : 14h00-18h00 | mardi : 14h00-18h00 | mercredi : 14h00-18h00 | jeudi : 14h00-18h00 | vendredi : 14h00-18h00 | samedi :/ | dimanche : fermé,,"Pas de rendez-vous, prélèvements réservés pour les PMA",04 91 16 79 16,,2020-11-16
RyBW8jfek0qlMRBE,130781446,130000565,CENTRE HOSPITALIER GENERAL D AUBAGNE,179 AV DES SOEURS GASTINE 13400 AUBAGNE,,OUI,NON,5.56335864427781,43.2915127980706,Sur place,Personnel soignant/En préopératoire des actes réalisés sur l'établissements/patients hospitalisés par les urgences/Participation possible en cas de cluster/Patients d'oncologie du CH d'Aubagne,préop de l'établissement  : lundi au vendredi de 11h à 12h30 | Urgences et hospitalisés : 24h/24; 7j/7,,ATTENTION : uniquement  pour les pré-opératoires de l'hôpital et le personnel soignant . Sur RDV,0442847074,,2020-10-29
JPAvCJIC6ynP8wTo,210780417,210987731,CLCC GEORGES-FRANCOIS LECLERC,1 R PROFESSEUR MARION 21079 DIJON CEDEX,,OUI,NON,5.069419878896,47.3189151826254,Sur place,Personnel soignant/Malades chroniques (ALD)/Prélèvements réalisés au CLCC limités actuellement aux patients et personnels,lundi : 8h00-18h00 | mardi : 8h00-18h00 | mercredi : 8h00-18h00 | jeudi : 8h00-18h00 | vendredi : 8h00-18h00 | samedi : 8h00-12h00 | dimanche : fermé,,Sur rendez-vous uniquement,,,2020-10-29
jGXhgzyVxKFfFien,240014423,240014175,LBM NOVABIO-GUYNEMER,4 R GUYNEMER 24000 PERIGUEUX,,OUI,NON,0.719271290638567,45.1870364025312,Sur place,asymptomatique,,,Sur rendez-vous uniquement,0553095590,,2020-11-26
oA1ifn34wQkg1sXv,240014423,240014191,LBM NOVABIO-VESONE,BD DE VESONE 24000 PERIGUEUX,,OUI,NON,0.716895658658939,45.1807435449434,Sur place,asymptomatique/Enfants 0-3 ans,,,Sur rendez-vous uniquement,0553062081,,2020-11-26
0wpLZAcykELECcgn,250017514,390006963,LBM CBM25 DES THERMES,74 Rue de la République 39110 Salins-les-Bains,,OUI,NON,5.87771,46.933989,Sur place,Patients asymptomatiques/Enfants 0-3 ans,Lundi :  13H00 - 14H00 | Mardi : 13H00 - 14H00 | Mercredi : 13H00 - 14H00 | Jeudi :13H00 - 14H00 | Vendredi : 13H00 - 14H00 |,lundi :  | mardi :  | mercredi :  | jeudi : | vendredi :  | samedi :  | dimanche,Sans rendez-vous,0384379950,,2020-11-17
LucXEJFdCwWgToQz,250017514,250017571,LBM CBM25 GAMBETTA,16 Rue Gambetta 25000 Besançon,,OUI,NON,6.02575,47.2402,Sur place,Enfants 0-3 ans/Patients asymptomatiques,Lundi : 07H00 - 12H30 | Mardi : 07H00 - 12H30  | Mercredi : 07H00 - 12H30  | Jeudi : 07H00 - 12H30 | Vendredi : 07H00 - 12H30 | Samedi : 07H30 - 12H30,lundi : 8h00-12h00 et 14h00-19h00 | mardi : 8h00-12h00 et 14h00-19h00 | mercredi : 8h00-12h00 et 14h00-19h00 | jeudi : 8h00-12h00 et 14h00-19h00 | vendredi : 8h00-12h00 et 14h00-19h00 | samedi : 8h00-12h00 | dimanche : fermé,Sans rendez-vous,0381820290,,2020-11-17
SQ5xugeHqPsHwhOW,250017514,250018892,LBM CBM25 DE TERRE ROUGE,32 Rue de Terre-rouge 25000 Besançon,,OUI,NON,5.98208,47.2288,Sur place,Enfants 0-3 ans/Patients asymptomatiques,lundi : 07H30 - 19H00 | mardi : 07H30 - 19H00 | mercredi : 07H30 - 19H00 | jeudi :07H30 - 19H00 | vendredi : 07H30 - 19H00 | samedi : 8H00-18H00 |,,Sans rendez-vous,0381478989,,2020-11-17
alurIA4oFg8BdYie,250017514,250017563,LBM CBM25 DU PLATEAU,1 Allée Louis Jahier 25660 Saône,,OUI,NON,6.11651,47.2254,Sur place,Patients asymptomatiques/Enfants 0-3 ans,undi : 07H30 - 12H00  | Mardi : 07H30 - 12H00  | Mercredi : 07H30 - 12H00  | Jeudi : 07H30 - 12H00 | Vendredi : 07H30 - 12H00  | Samedi : 08H00 - 12H00,,Sans rendez-vous,0381559898,,2020-11-17
EjtU0AzTsKY7EBQZ,250017514,250017522,LBM CBM25 DES CHAPRAIS,2 Rue de l'Église 25000 Besançon,,OUI,NON,6.03155,47.2491,Sur place,Patients asymptomatiques/Enfants 0-3 ans,lundi : 07H00 - 12H30 / 13H30 - 17H00 | mardi : 07H00 - 12H30 / 13H30 - 17H00 | mercredi : 07H00 - 12H30 / 13H30 - 17H00 | jeudi : 07H00 - 12H30 / 13H30 - 17H00 | vendredi : 07H00 - 12H30 / 13H30 - 17H00 | samedi : 07h30-12h30 |,,Sans rendez-vous,0381474680,,2020-11-17
idZCWG2uejYQ9Y4p,250017514,250017548,LBM CBM25 DE MONTJOUX SAINT-CLAUDE,33 c Rue de Vesoul 25000 Besançon,,OUI,NON,6.01854,47.2502,Sur place,Patients asymptomatiques/Enfants 0-3 ans,lundi : 7h00-12h30-13h30-17h00 | mardi :7h00-12h30-13h30-17h00 | mercredi : 7h00-12h30-13h30-17h00 | jeudi : 7h00-12h30-13h30-17h00 | vendredi :7h00-12h30-13h30-17h00 | samedi : 7h00-12h30 |,,Sans rendez-vous,0381474670,,2020-11-17
obeE03FSIGe0MRVL,250017514,250017555,LBM CBM25 PLANOISE ILE-DE-FRANCE,18 AV DE L'ILE DE FRANCE 25000 BESANCON,,OUI,NON,5.96702784586418,47.2213954016769,Sur place,Patients asymptomatiques/Enfants 0-3 ans,lundi :07H30 - 12H30 / 13H30 - 17H00 | mardi : 07H30 - 12H30 / 13H30 - 17H00 | mercredi : 07H30 - 12H30 / 13H30 - 17H00 | jeudi : 07H30 - 12H30 / 13H30 - 17H00 | vendredi :07H30 - 12H30 / 13H30 - 17H00 | samedi : 07H30-12h00 |,,Sans rendez-vous,03 81 41 38 82,https://www.cbm25.fr/covid,2020-11-17
g6u6DlexoTbi6FVm,250017514,250017563,LBM CBM25 DU PLATEAU,1 Allée Louis Jahier 25660 Saône,,OUI,NON,6.11651,47.2254,Sur place,Cas contacts liste CPAM/Enfants 0-3 ans/Patients symptomatiques,lundi : 14H-16H | mardi : 14H-16H | mercredi : 14H-16H | vendredi : 14H-16H |,,Sans rendez-vous,0381559898,,2020-11-17
Acn0hRNi8p9Glr2S,250017514,250017605,LBM CBM25 DES TILLEROYES,40 CHE DES TILLEROYES 25000 BESANCON,,OUI,NON,5.98000806423591,47.2444641608669,Sur place,Patients asymptomatiques,lundi : 7h00-19h00 | mardi : 7h00-19h00 | mercredi : 7h00-19h00 | jeudi : 7h00-19h00 | vendredi : 7h00-19h00 | samedi : 7h30-12h30 |,lundi : 8h00-12h00 et 14h00-19h00 | mardi : 8h00-12h00 et 14h00-19h00 | mercredi : 8h00-12h00 et 14h00-19h00 | jeudi : 8h00-12h00 et 14h00-19h00 | vendredi : 8h00-12h00 et 14h00-19h00 | samedi : 8h00-12h00 | dimanche : fermé,Sans rendez-vous,03 81 47 44 70,,2020-11-17
PChmE2V9vajGbs3g,250017514,250017662,LBM CBM25 DE PLANOISE POLYCLINIQUE,Rue Auguste Rodin 25000 Besançon,,OUI,NON,5.97898,47.2157,Sur place,Patients asymptomatiques,lundi : 07H30 - 12H30 / 13H30 - 18H00 | mardi : 07H30 - 12H30 / 13H30 - 18H00 | mercredi : 07H30 - 12H30 / 13H30 - 18H00 | jeudi : 07H30 - 12H30 / 13H30 - 18H00 | vendredi : 07H30 - 12H30 / 13H30 - 18H00 | samedi :8H00-12H30 |,,Sans rendez-vous,0381418010,,2020-11-17
XNUJ3Ra3OWTvW88n,250017514,390006963,LBM CBM25 DES THERMES,74 Rue de la République 39110 Salins-les-Bains,,OUI,NON,5.87771,46.933989,Sur place,Patients asymptomatiques/Enfants 0-3 ans,Enfants 0-3 ans/Patients asymptomatiques,lundi : 8h00-12h00 et 14h00-19h00 | mardi : 8h00-12h00 et 14h00-19h00 | mercredi : 8h00-12h00 et 14h00-19h00 | jeudi : 8h00-12h00 et 14h00-19h00 | vendredi : 8h00-12h00 et 14h00-19h00 | samedi : 8h00-12h00 | dimanche : fermé,Sans rendez-vous,0384379950,,2020-11-17
wUM4gvpRiKm1iYMD,280006495,280006503,LBM TONNELLERIE VALLEE DE L'EURE CHART,7 R DE LA TONNELLERIE 28000 CHARTRES,,OUI,NON,1.4872200458583,48.4442295660773,Sur place,bilan préopératoire,8h-12h sauf samedi et dimanche,,Sur rendez-vous uniquement,0237361370,,2020-10-29
DCBSXANiob81d0Pn,280006495,280006511,LBM TONNELLERIE VALLEE DE L'EURE LUCE,71 R DE LA REPUBLIQUE 28110 LUCE,,OUI,NON,1.46053175685432,48.439220863857,Sur place,bilan préopératoire,8h-12h sauf samedi et dimanche,,Sur rendez-vous uniquement,0237330757,,2020-10-29
lAp2rOnneMTmFa29,280006495,280006537,LBM TONNELLERIE VALLEE DE L'EURE MAINT,4 R GENEVIEVE RAINDRE 28130 MAINTENON,,OUI,NON,1.57731492851441,48.5886035303802,Sur place,bilan préopératoire,8h-12h sauf samedi et dimanche,,Sur rendez-vous uniquement,0237271325,,2020-10-29
SbFLi0VXMuXYwM6d,280006495,280006545,LBM TONNELLERIE VALLEE DE L'EURE NOGEN,5 R MAX COUSIN 28210 NOGENT LE ROI,,OUI,NON,1.52213004278008,48.6531808031817,Sur place,bilan préopératoire,8h-12h,,Sur rendez-vous uniquement,0237513543,,2020-10-29
7GUSnSRQJMY0eIT4,280006495,280006743,LBM TONNELLERIE VALLEE DE L'EURE EPERN,R DE LA MADELEINE 28230 EPERNON,,OUI,NON,1.68255197323199,48.6107209318036,Sur place,bilan préopératoire,8h-12h sauf samedi et dimanche,,Sur rendez-vous uniquement,0237837830,,2020-10-29
XsmMisiCBoqSzWby,280006495,280007022,LBM TONNELLERIE VALLEE DE L'EURE AUNEA,18 ALL DES SEMOIRS 28700 AUNEAU BLEURY ST SYMPHORIE,,OUI,NON,1.77141816313355,48.4590861604001,Sur place,bilan préopératoire,8h-12h sauf samedi et dimanche,,Sur rendez-vous uniquement,0237312982,,2020-10-29
NnC0arkEU4yNi9La,310023981,310023775,LBM BIOLAB AVENIR GIRONIS,45 R DE GIRONIS 31000 TOULOUSE,,OUI,NON,1.42393978525966,43.5631454152776,Sur place,Personnel soignant,,,Sur rendez-vous uniquement,,,2020-10-29
Ch6V949xCRy7CabK,310780671,310000310,CH COMMINGES PYRENEES SITE PLANCARD,351 Avenue de Saint-plancard 31800 Saint-Gaudens,Service des urgences et autres services,OUI,NON,0.709515,43.112395,Sur place,Patient des urgences ou hospitalisés/Personnel soignants du CHCP,,,,05 62 00 40 00,,2020-11-05
7gAOFrgG2ybMlH7G,310780671,310792056,USLD CH COMMINGES PYRENEES PLANCARD,AV DE ST PLANCARD 31800 ST GAUDENS,,OUI,NON,0.705742362020643,43.115284792423,Sur place,Patients hospitalisés,,,,0562004361,,2020-11-05
qnNttQHgg2CY5bIN,310780671,310792353,EHPAD ORELIA SITE ST PLANCARD,AV DE ST PLANCARD 31806 ST GAUDENS CEDEX,,OUI,NON,0.705742362020643,43.115284792423,Sur place,Résidents de l'EHPAD,,,,0562004371,,2020-11-05
wf5qoL3wPeXPQUvY,330000324,330780537,HOPITAL PRIVE WALLERSTEIN,14 BD JAVAL 33740 ARES,Non accessible au grand-public,OUI,NON,-1.13249718511133,44.7564711282325,En étab. santé,Patients ayant été atteints par le COVID-19,,,,,,2020-10-29
ttcaM2pb7vh51w6w,330045469,330029869,LBM ACCOLAB SUD-OUEST - GRAND PARC,34 R LOUIS GENDREAU 33000 BORDEAUX,,OUI,NON,-0.583606464838651,44.8594777283586,Sur place,Personnes asymptomatiques seulement,Sur rendez-vous uniquement,,Sur rendez-vous uniquement,0556500463,,2020-10-29
U9wyee9YJdJoTm1t,330045469,330046939,LBM ACCOLAB SUD-OUEST GALLIENI,45 CRS MARECHAL GALLIENI 33000 BORDEAUX,,OUI,NON,-0.5912939422588,44.8242808566271,Sur place,Personnes asymptomatiques seulement,Sur rendez-vous uniquement,,Sur rendez-vous uniquement,0556989261,,2020-10-29
xOZAxz00Dka0d2Is,330781196,A PRECISER,Aéroport de Bordeaux Mérignac,Avenue René Cassin 33700 Mérignac,Entre le Hall A arrivée des voyageurs et le Hall B au rez-de chaussée,OUI,NON,-0.709991455078125,44.8185877970267,Sur place,Voyageurs,lundi : 9h-17h | mardi : 9h-17h | mercredi : 9h-17h | jeudi : 9h-17h | vendredi : 9h-17h | samedi :fermé | dimanche : fermé,,Sans rendez-vous,,,2020-10-29
zMeOMBi4NEO6mKuU,330781220,330000571,CH DE LA HAUTE GIRONDE,97 R DE L'HOPITAL 33394 BLAYE CEDEX,Patients hospitalisés uniquement,OUI,NON,-0.65907255053121,45.1347100816262,En étab. santé,Patients ayant été atteints par le COVID-19,,,,,,2020-10-29
jSSigzd4PICuWpY9,330781220,330007980,EHPAD - USLD CH SAINT-NICOLAS BLAYE,R DE L'HOPITAL 33390 BLAYE,Résidents EHPAD uniquement,OUI,NON,-0.657859523788957,45.1355746464605,En EHPAD,Patients ayant été atteints par le COVID-19,,,,,,2020-10-29
cyeA4n9aaNj8rC4l,330781220,330782517,EHPAD LES TERRASSES DE BELLEROQUE,33710 BOURG SUR GIRONDE,Résidents EHPAD uniquement,OUI,NON,-0.559690287791306,45.0390934404962,En EHPAD,Patients ayant été atteints par le COVID-19,,,,,,2020-10-29
zsmD4B7mAQ5wPQhp,330796392,330780495,CLINIQUE MUTUALISTE DU MEDOC,64 R ARISTIDE BRIAND 33340 LESPARRE MEDOC,Non accessible au grand-public,OUI,NON,-0.937326647828774,45.3041295981333,En étab. santé,Patients ayant été atteints par le COVID-19,,,,,,2020-10-29
cT2Eh4opEJBJGzoP,330796392,330780529,CLINIQUE MUTUALISTE DE PESSAC,46 AV DU DOCTEUR SCHWEITZER 33608 PESSAC CEDEX,Non accessible au grand-public,OUI,NON,-0.630403701678405,44.8058198365679,En étab. santé,Patients ayant été atteints par le COVID-19,,,,,,2020-10-29
7WvRahcW7kL2HEpE,340019306,AUTRE,LBM LABOSUD MONTPELLIER GAROSUD,90 Rue Nicolas Chédeville 34070 Montpellier,Centre de dépistage dédié,OUI,NON,3.863864,43.573135,Drive,Patients avec symptômes/Cas contacts liste CPAM/Personnel soignant,,,Sur rendez-vous uniquement,,https://labosud.fr/rdvcovid19,2020-11-09
rICqYMEF5HdKvTls,340019306,AUTRE,LBM LABOSUD LUNEL VAUBAN,207 Avenue du General de Gaulle 34400 Lunel,Centre de dépistage dédié,OUI,NON,4.14021,43.676807,Drive,Cas contacts liste CPAM/Personnel soignant/Patients avec symptômes,,,Sur rendez-vous uniquement,,https://labosud.fr/rdvcovid19,2020-11-09
CVLD651vPyaM5Rg3,340019306,AUTRE,LBM LABOSUD BÉZIERS,Avenue des Olympiades 34500 Béziers,Centre de dépistage dédié,OUI,NON,3.264036,43.335929,Drive,Cas contacts liste CPAM/Personnel soignant/Patients avec symptômes,,,Sans rendez-vous,,,2020-11-09
H7J3z7jjCEQiNB91,340019306,AUTRE,LBM LABOSUD ALÈS,40 Avenue Vincent d'Indy 30100 Alès,Centre de dépistage dédié,OUI,NON,4.101607,44.135701,Drive,Cas contacts liste CPAM/Personnel soignant/Patients pour des bilans pré-opératoire/Patients avec symptômes,,,Sur rendez-vous uniquement,,https://labosud.fr/rdvcovid19,2020-11-09
WjEWmtov6aQlov0n,340019306,130015910,LBM LABOSUD ARLES TRINQUETAILLE,28 Avenue du Dr Morel 13200 Arles,Centre de dépistage dédié,OUI,NON,4.62786986446558,43.6750792716434,Sur place,Cas contacts liste CPAM/Patients avec symptômes/Patients pour des bilans pré-opératoire/Personnel soignant,Appeler le laboratoire,,Sur rendez-vous uniquement,,https://labosud.fr/rdvcovid19,2020-11-09
6gI8OX7IIvqeFGNi,340019306,130040223,LBM LABOSUD TARASCON,Boulevard Alphonse Daudet 13150 Tarascon,Centre de dépistage dédié,OUI,NON,4.660619,43.808746,Sur place,Cas contacts liste CPAM/Personnel soignant/Patients avec symptômes,Appeler le laboratoire,,Sur rendez-vous uniquement,,https://labosud.fr/rdvcovid19,2020-11-09
oL2mnNvx3c1MEbbN,340019306,300013331,LBM LABOSUD NIMES CARRE MEDICAL,Parking du Parnasse 30900 NIMES,Centre de dépistage dédié,OUI,NON,4.35398,43.814742,Drive,Cas contacts liste CPAM/Patients avec symptômes/Patients pour des bilans pré-opératoire/Personnel soignant,Appeler le laboratoire,,Sans rendez-vous,,,2020-11-09
CuuD4Kk1lJUWGZ9g,340019306,300013422,LBM LABOSUD SOMMIERES,218 Chemin de Campagne 30250 Sommières,Centre de dépistage dédié,OUI,NON,4.0788,43.781739,Drive,Cas contacts liste CPAM/Personnel soignant/Patients avec symptômes,Appeler le Laboratoire,,Sur rendez-vous uniquement,04 66 80 00 56,,2020-11-09
WaCzJSsTkquFqu7n,340019306,300013505,LBM LABOSUD ALES CARNOT,45 Avenue Carnot 30100 Alès,Laboratoire,OUI,NON,4.087544,44.121382,Sur place,Patients pour des bilans pré-opératoire,Appeler le laboratoire,,Sans rendez-vous,,,2020-11-09
pZmnzrySTIxBAujo,340019306,300013513,LBM LABOSUD SAINT-AMBROIX,22 Rue de la République 30500 Saint-Ambroix,Laboratoire,OUI,NON,4.199587,44.259945,Sur place,Patients pour des bilans pré-opératoire,Appeler le laboratoire,,Sans rendez-vous,,,2020-11-09
pi3mKBChk3rDCxb7,340019306,300013539,LBM LABOSUD ALES MARTYRS,12 Place des Martyrs de la Resistance 30100 Alès,Laboratoire,OUI,NON,4.079213,44.12643,Sur place,Patients pour des bilans pré-opératoire,Appeler le laboratoire,,Sans rendez-vous,,,2020-11-09
qBkY9e2OY4crlFzp,340019306,300013976,LBM LABOSUD LA GRAND COMBE,12 Rue de la Clède 30110 La Grand-Combe,Laboratoire,OUI,NON,4.031665,44.210502,Sur place,Patients pour des bilans pré-opératoire,Appeler le laboratoire,,Sans rendez-vous,,,2020-11-09
chWwX0ci7kKHZePN,340019306,300013984,LBM LABOSUD SAINT-CHRISTOL-LES-ALES,218 Avenue Jean Moulin 30380 Saint Christol les Alès,Laboratoire,OUI,NON,4.07755900016788,44.0819299168966,Sur place,Patients pour des bilans pré-opératoire,Appeler le laboratoire,,Sans rendez-vous,,,2020-11-09
eytsp42jCOsIgSk7,340019306,300013992,LBM LABOSUD ANDUZE,6 Boulevard Jean Jaurès 30140 Anduze,Laboratoire,OUI,NON,3.98453729701864,44.0544579067974,Sur place,Patients pour des bilans pré-opératoire,Appeler le laboratoire,,Sans rendez-vous,,,2020-11-09
Z38BdnBz4hpWHWR3,340019306,340018365,LBM LABOSUD MONTPELLIER CLINIQUE DU MILLENAIRE,Boulevard Pénélope 34000 Montpellier,Laboratoire,OUI,NON,3.913143,43.603631,Sur place,Patients pour des bilans pré-opératoire,Appeler le laboratoire,,Sur rendez-vous uniquement,04 99 53 63 63,,2020-11-09
qZBVxbvyY8eul3lb,340019306,340018373,LBM LABOSUD MONTPELLIER ALCO,141 Avenue Paul Bringuier 34080 Montpellier,Laboratoire,OUI,NON,3.840069,43.61534,Sur place,Patients pour des bilans pré-opératoire,Appeler le laboratoire,,Sur rendez-vous uniquement,04 67 45 45 18,,2020-11-09
ahmXdU37tfiWTohb,340019306,340018399,LBM LABOSUD MONTPELLIER CLINIQUE CLEMENTVILLE,25 Rue de Clémentville 34070 Montpellier,Laboratoire,OUI,NON,3.852201,43.613119,Sur place,Patients pour des bilans pré-opératoire,Appeler le laboratoire,,Sur rendez-vous uniquement,04 67 92 08 37,,2020-11-09
UO9P0sYgN6EL4l9U,340019306,340018407,LBM LABOSUD MONTPELLIER CLINIQUE ST ROCH,550 Avenue du Colonel Pavelet 34070 Montpellier,Laboratoire,OUI,NON,3.861834,43.583112,Sur place,Patients pour des bilans pré-opératoire,Appeler le laboratoire,,Sur rendez-vous uniquement,04 67 04 38 55,,2020-11-09
XZsQS7if2IRwDtay,340019306,340018597,LBM LABOSUD LUNEL VIA DOMITIA,Clinique Via Domitia- Chemin des Alicantes- Bâtiment B  34400 Lunel,Laboratoire,OUI,NON,4.12329208268337,43.6637945808652,Sur place,Patients pour des bilans pré-opératoire,Appeler le laboratoire,,Sur rendez-vous uniquement,04 67 71 08 40,,2020-11-09
cBFvnTjX5oSG68nr,340019306,340018670,LBM LABOSUD FRONTIGNAN MISTRAL,Rue Anatole France 34110 Frontignan,Centre de dépistage dédié,OUI,NON,3.754946,43.447904,Sur place,Patients avec symptômes/Cas contacts liste CPAM/Patients pour des bilans pré-opératoire/Personnel soignant,Appeler le laboratoire,,Sur rendez-vous uniquement,04 67 48 36 00,,2020-11-09
L96Jdm911MN4dYiD,340019306,340019405,LBM LABOSUD MONTPELLIER CLINIQUE ST JEAN,Clinique St Jean - 2 place de l'Europe 34430 Saint Jean de Védas,Laboratoire,OUI,NON,3.87114195259911,43.6186314947033,Sur place,Patients pour des bilans pré-opératoire,Appeler le laboratoire,,Sur rendez-vous uniquement,04 67 61 20 94,,2020-11-09
gztJUCIyn13qEITa,340019306,340019686,LBM LABOSUD BEZIERS BIO2000,2 bis square des volontaires biterrois  39-45 34500 Béziers,Laboratoire,OUI,NON,3.22562992572784,43.354196139174,Sur place,Patients pour des bilans pré-opératoire,Appeler le laboratoire,,Sur rendez-vous uniquement,04 67 90 20 00,Rendez-vous par téléphone,2020-11-09
uxaQvt14ehMrbSbe,340019306,340019710,LBM LABOSUD CLERMONT L'HERAULT,24 Avenue Raymond Lacombe 34800 Clermont-l'Hérault,Centre de dépistage dédié,OUI,NON,3.437393,43.623953,Sur place,Cas contacts liste CPAM/Patients avec symptômes/Patients pour des bilans pré-opératoire/Personnel soignant,Appeler le laboratoire,,Sur rendez-vous uniquement,04 67 96 03 69,Rendez-vous par téléphone,2020-11-09
Ixu3Ndk0FnuLhmlS,340019306,340019728,LBM LABOSUD LODEVE,256 Allée Danièle Mitterand 34700 Lodève,Centre de dépistage dédié,OUI,NON,3.32205596326149,43.7239985969081,Drive,Cas contacts liste CPAM/Personnel soignant/Patients pour des bilans pré-opératoire/Patients avec symptômes,Appeler le laboratoire,,Sur rendez-vous uniquement,,https://labosud.fr/rdvcovid19,2020-11-09
DE8YwIQ3R0ujztPa,340019306,340019835,LBM LABOSUD SAINT GELY DU FESC,41 Impasse des Trois Pointes 34980 St Gely Du Fesc,Centre de dépistage dédié,OUI,NON,3.81644616710203,43.6760295728803,Sur place,Cas contacts liste CPAM/Personnel soignant/Patients avec symptômes,Appeler le laboratoire,,Sur rendez-vous uniquement,,https://labosud.fr/rdvcovid19,2020-11-09
b2lZTTm6BRRdaXGI,340019306,340021187,LBM LABOSUD BOUJAN SUR LIBRON,12 Rue de la Margeride - Clinique St Privat- Bâtiment des consultations 4  34760 Boujan-sur-Libron,Laboratoire,OUI,NON,3.254753,43.366289,Sur place,Patients pour des bilans pré-opératoire,Appeler le laboratoire,,Sur rendez-vous uniquement,04 67 76 89 60,Rendez-vous par téléphone,2020-11-09
llhWhNBCnZ3b8qfc,340019306,340021963,LBM LABOSUD GANGES,"Polyclinique Saint Louis, 10 Place Joseph Boudouresques 34190 Ganges",Centre de dépistage dédié,OUI,NON,3.70297804967399,43.9325198626572,Drive,Cas contacts liste CPAM/Personnel soignant/Patients pour des bilans pré-opératoire/Patients avec symptômes,Appeler le laboratoire,,Sur rendez-vous uniquement,,https://labosud.fr/rdvcovid19,2020-11-09
Ykhj0UZeUGxRQ4cU,350023503,350002812,C.R.L.C.C. EUGENE MARQUIS,5 R BATAILLE FLANDRES-DUNKERQUE 35000 RENNES,,OUI,NON,-1.70249351426916,48.1213571662779,Sur place,patients CLCC uniquement,,,,,,2020-10-29
RQB39ydnAVWkw6eU,370000481,370000879,CENTRE HOSPITALIER INTERCOMMUNAL d'AMBOISE -CHATEAU-RENAULT,Rue des Ursulines - 37400 - AMBOISE,Hôpital Robert Debré - Site d'Amboise,OUI,NON,0.9813019547378,47.405393623122,Sur place,personnels hospitaliers/consultant (sur prescription médicale),Lundi : fermé | Mardi : 9h00-15h30 | Mercredi : fermé | Jeudi : 9h00-15h30 | Vendredi : fermé | Samedi : fermé | Dimanche : fermé,,Sur rendez-vous uniquement,02.47.23.31.32,,2020-11-06
UyzOSCrzlm8VjcCS,370000481,370000531,CH DU CHINONAIS,"ROUTE de Tours D751 ,  37500  CHINON, ST BENOIT LA FORET",,OUI,NON,0.293476581573486,47.18716370294,Sur place,Adulte et adolescent (à partir de 11ans),lundi : 8h15 - 16h15 | mardi : 8h15 - 16h15 | mercredi : 8h15 - 12h15 | jeudi : 8h15 - 16h15 | vendredi : 8h15 - 16h15 | Fermeture les jours fériés,,Sur rendez-vous uniquement,02 47 93 75 19,,2020-11-06
SwkaGkwV46Vn5A8r,370012890,370011819,LBM L'ABO+ TOURS ORIGET,6 AV DE GRAMMONT 37000 TOURS,UNIQUEMENT LE SAMEDI SUR TOUTE LA JOURNEE,OUI,NON,0.689771973190451,47.3885049792023,Sur place,,lundi : non réalisable | mardi : non réalisable | mercredi : non réalisable | jeudi : non réalisable | vendredi : non réalisable | samedi : 14h00-19h00 | dimanche : fermé,,Sans rendez-vous,0254075757 0247050547,https://arnaud-origet.fr/depistage-covid-19-par-pcr/,2020-11-27
XKa7Mnbh80hgWvgD,370012890,370012486,LBM L'ABO+ TOURS RABELAIS,40 PL RABELAIS 37000 TOURS,,OUI,NON,0.676693522815284,47.3844699121879,Sur place,,lundi : 11h30-13h00 | mardi : 11h30-13h00 | mercredi : 11h30-13h00 | jeudi : 11h30-13h00 | vendredi : 11h30-13h00 | samedi : fermé | dimanche : fermé,,Sur rendez-vous uniquement,0254075757 0247379237,https://arnaud-origet.fr/depistage-covid-19-par-pcr/,2020-11-27
fYTOf7YjxZYY2sz9,370012890,370012833,LBM L'ABO+ LANGEAIS,78 Rue Anne de Bretagne 37130 Langeais,,OUI,NON,0.403675,47.322772,Sur place,,lundi : 13h30-14h30 | mardi : 13h30-14h30 | mercredi : 13h30-14h30 | jeudi : 13h30-14h30 | vendredi : 13h30-14h30 | samedi : fermé | dimanche : fermé,,Sans rendez-vous,0254075757,https://arnaud-origet.fr/depistage-covid-19-par-pcr/,2020-11-27
tOnd1VysTEMqIzm9,380016626,380016816,Site Pont Saint Michel,8 impasse Saint Michel 38300 Bourgoin,local dédié,OUI,NON,5.26176452636719,45.5956468900776,Sur place,Cas contacts liste CPAM,du lundi au vendredi de 13h30 à 15h,du lundi au vendredi de 13h30 à 15h,LMMJV 13h00-15h30 (RDV CovidExpress),04 74 27 07 17  -   04 74 93 05 21,,2020-11-27
vjWgpHL7WsWT32vi,390006781,390006823,MEDILYS - CHAMPAGNOLE,50 Avenue de la Republique 39300 Champagnole,Uniquement prélèvement pré-opératoire,OUI,NON,5.909411,46.744409,En étab. santé,Patients ayant été atteints par le COVID-19,,,Sur rendez-vous uniquement,03 84 52 57 65,https://www.medilys.fr/laboratoire-medilys-champagnole/,2020-10-29
EBoMlV7PjkWslYQS,410008262,180009151,LBM BIO MEDI QUAL CENTRE BOURGES,110 AV FRANCOIS MITTERAND 18000 BOURGES,DRIVE,OUI,NON,2.43682054080446,47.0835302258496,Drive/Sur place,Personnel soignant/Malades chroniques (ALD)/Femmes enceintes/Personnes en situation de handicap/Patients ayant été atteints par le COVID-19/Militaires,lundi : 11h00 - 12h00 | mardi :11h00 - 12h00 | mercredi : 11h00 - 12h00 | jeudi : 11h00 - 12h00 | vendredi : 11h00 - 12h00 | samedi : 11h00 - 12h00 | dimanche : fermé,,Sur rendez-vous uniquement,0248751617,,2020-10-29
Uvr8W7tyLVevtShQ,410008262,180009243,LBM BIO MEDI QUAL CENTRE VIERZON,82 R DU 8 MAI 1945 18100 VIERZON,au laboratoire,OUI,NON,2.08072731355023,47.2310239078675,Drive/Sur place,Personnel soignant/Malades chroniques (ALD)/Femmes enceintes/Personnes en situation de handicap/Patients ayant été atteints par le COVID-19/Militaires,lundi : 11h00-12h00 et 14h00-15h15 | mardi : 11h00-12h00 et 14h00-15h15 | mercredi : 11h00-12h00 et 14h00-15h15 | jeudi : 11h00-12h00 et 14h00-15h15 | vendredi : 11h00-12h00 et 14h00-15h15 | samedi : fermé | dimanche : fermé,,Sur rendez-vous uniquement,0248751617,,2020-10-29
1oR95pR2WKQ1f2L6,410008262,360006274,LBM BIO MEDI QUAL CENTRE ISSOUDUN,ZAC LES COINCHETTES 36100 ISSOUDUN,DRIVE,OUI,NON,2.01349318099267,46.9548467258407,Drive/Sur place,Personnel soignant/Malades chroniques (ALD)/Femmes enceintes/Personnes en situation de handicap/Patients ayant été atteints par le COVID-19/Militaires,lundi : 10h00-12h00 et 14h00-16h00 | mardi : 10h00-12h00 et 14h00-16h00 | mercredi : 10h00-12h00 et 14h00-16h00 | jeudi : 10h00-12h00 et 14h00-16h00 | vendredi : 10h00-12h00 et 14h00-16h00 | samedi : 10h00-12h00 | dimanche : fermé,,Sur rendez-vous uniquement,0254210878,,2020-10-29
WXOvi2TPZKxj6Fyi,410008262,360006498,LBM BIO MEDI QUAL CENTRE BUZANCAIS,2 PL AUX LEGUMES 36500 BUZANCAIS,DRIVE,OUI,NON,1.42199191404584,46.8893076397646,Drive/Sur place,Personnel soignant/Malades chroniques (ALD)/Femmes enceintes/Personnes en situation de handicap/Patients ayant été atteints par le COVID-19/Militaires,lundi : 10h00-12h00 et 14h00-15h00 | mardi : 10h00-12h00 et 14h00-15h00 | mercredi : 10h00-12h00 et 14h00-15h00 | jeudi : 10h00-12h00 et 14h00-15h00 | vendredi : 10h00-12h00 et 14h00-15h00 | samedi : 10h00-12h00 | dimanche : fermé,,Sur rendez-vous uniquement,0254021111,,2020-10-29
GP3rAucDKlQlOFQX,410008262,360006514,LBM BIO MEDI QUAL CENTRE CHATEAUROUX,3 R ALBERT 1ER 36000 CHATEAUROUX,DRIVE,OUI,NON,1.69768586875193,46.810996758079,Drive/Sur place,Personnel soignant/Malades chroniques (ALD)/Femmes enceintes/Personnes en situation de handicap/Patients ayant été atteints par le COVID-19/Militaires,lundi : 14h30-17h00 | mardi : 14h30-17h00 | mercredi : 14h30-17h00 | jeudi : 14h30-17h00 | vendredi :14h30-17h00 | samedi : fermé | dimanche : fermé,,Sur rendez-vous uniquement,0254606700,,2020-10-29
vz8xZrqwmHHZ21w4,410008262,410008270,LBM BIO MEDI QUAL CENTRE ROMORANTIN,11 R DES LIMOUSINS 41200 ROMORANTIN LANTHENAY,Prélèvements au laboratoire,OUI,NON,1.74125872587633,47.3613402902348,Sur place,selon recommandations,lundi : 11h00-12h00  | mardi : 11h00-12h00  | mercredi : 11h00-12h00 | jeudi : 11h00-12h00  | vendredi : 11h00-12h00  | samedi : fermé | dimanche : fermé,,Sur rendez-vous uniquement,0254945656,,2020-10-29
Yz5TaKZbQIWvYJlE,410008262,410008478,LBM BIO MEDI QUAL CENTRE SAINT AIGNAN,9 AV DU BLANC 41110 ST AIGNAN,DRIVE,OUI,NON,1.36184807675169,47.2632153658668,Drive/Sur place,Personnel soignant/Malades chroniques (ALD)/Femmes enceintes/Personnes en situation de handicap/Patients ayant été atteints par le COVID-19/Militaires,lundi : 13h30 à 14h30 | mardi :  13h30 à 14h30 | mercredi : 13h30 à 14h30 | jeudi :  13h30 à 14h30 | vendredi :  13h30 à 14h30 | samedi : fermé | dimanche : fermé,,Sur rendez-vous uniquement,0254750338,,2020-10-29
Wka9gjYxKnqBjsPz,420012932,420012965,LBM CERBALLIANCE LOIRE ST ETIENNE LA P,39 AV DE LA PALLE 42000 ST ETIENNE,équipe mobile,OUI,NON,4.41721793579028,45.4279041665466,En étab. santé,,,,Sur rendez-vous uniquement,0477495900,,2020-10-29
jtXjqPDnmhFBpHM1,440005114,440049377,LBM BIOLIANCE - Patients SANS SYMPTOMES pour dépistage préopératoire uniquement,2 AV LOUISE MICHEL 44400 REZE,Patients SANS SYMPTOMES pour dépistage préopératoire uniquement (sur ordonnance),OUI,NON,-1.54817077032996,47.1881236524654,Sur place,,lundi : 11h00-11h30 | mardi : 11h00-11h30 | mercredi : 11h00-11h30 | jeudi : 11h00-11h30 | vendredi : 11h00-11h30 | samedi : non | dimanche : fermé,,Sur rendez-vous uniquement,0240328900,https://www.bioliance.fr/ou-faire-le-test/,2020-11-26
UsARujW0euLKyKDX,440005114,440049419,LBM BIOLIANCE - Patients SANS SYMPTOMES pour dépistage préopératoire uniquement,AV CLAUDE BERNARD 44800 ST HERBLAIN,Patients SANS SYMPTOMES pour dépistage préopératoire uniquement (sur ordonnance) ;  Accès Boulevard Charles Gautier,OUI,NON,-1.61295619425623,47.2268292638032,Sur place/En étab. santé,,lundi : 07h30-18h30 | mardi : 07h30-18h30 | mercredi : 07h30-18h30 | jeudi : 07h30-18h30 | vendredi : 07h30-18h30 | samedi : 07h30-12h00 | dimanche : non,,Sans rendez-vous,0253557120,https://www.bioliance.fr/ou-faire-le-test/,2020-11-26
fQFXP5yuEfcRM0LD,440005114,440049484,LBM BIOLIANCE - Patients SANS SYMPTOMES pour dépistage préopératoire uniquement,2 R DES ARDILLETS 44220 COUERON,Patients SANS SYMPTOMES pour dépistage préopératoire uniquement (sur ordonnance),OUI,NON,-1.71951778712181,47.2131241741841,Sur place,,lundi : 8h00-12h00 et 14h00-18h00 | mardi : 8h00-12h00 et 14h00-18h00 | mercredi : 8h00-12h00 et 14h00-18h00 | jeudi : 8h00-12h00 et 14h00-18h00 | vendredi : 8h00-12h00 et 14h00-18h00 | samedi : 8h00-12h00 | dimanche : fermé,,Sur rendez-vous uniquement,0240853190,https://www.bioliance.fr/ou-faire-le-test/,2020-11-26
qWgaDVw1hyR3aKfp,440005114,440049500,LBM BIOLIANCE - SAINT-PHILBERT,10 R DE PLAISANCE 44310 ST PHILBERT DE GRAND LIEU,Attention le laboratoire PRIORISE les RDV et est susceptible d'annuler les rdv si vous n'êtes pas dans un des cas suivants : bilan préopératoire ou patient symptomatique avec prescription médicale ; Cas contact sur justificatif de l'assurance maladie ; Personnel médical sur justificatif de ce statut.,OUI,NON,-1.63818956788894,47.0344053406216,Sur place,,Horaires et prise de rdv sur www.bioliance.fr |  | dimanche : fermé,,Sur rendez-vous uniquement,0240787986,https://www.bioliance.fr/ou-faire-le-test/,2020-11-26
yaWQkG50Mn9UJIQi,440005114,440049518,LBM BIOLIANCE - Patients SANS SYMPTOMES pour dépistage préopératoire uniquement,7 PL ROBERT SCHUMAN 44980 STE LUCE SUR LOIRE,Patients SANS SYMPTOMES pour dépistage préopératoire uniquement (sur ordonnance),OUI,NON,-1.48855351554395,47.2498690942922,Sur place,,lundi : 10h00-12h00 et 15h00-16h30 | mardi : 10h00-12h00 et 15h00-16h30 | mercredi : 10h00-12h00 et 15h00-16h30 | jeudi : 10h00-12h00 et 15h00-16h30 | vendredi : 10h00-12h00 et 15h00-16h30 | samedi : non | dimanche : fermé,,Sur rendez-vous uniquement,0240257172,https://www.bioliance.fr/ou-faire-le-test/,2020-11-26
wei0MqdMPxyPImtC,440005114,440049526,LBM BIOLIANCE - Patients SANS SYMPTOMES pour dépistage préopératoire uniquement,76 R BELLAMY 44000 NANTES,Patients SANS SYMPTOMES pour dépistage préopératoire uniquement (sur ordonnance),OUI,NON,-1.55901518838745,47.22523869402,Sur place,,lundi : 15h30-16h00 | mardi : 15h30-16h00 | mercredi : 15h30-16h00 | jeudi : 15h30-16h00 | vendredi : 15h30-16h00 | samedi : non | dimanche : fermé,,Sur rendez-vous uniquement,0251860786,https://www.bioliance.fr/ou-faire-le-test/,2020-11-26
FhTNM7Eul1AsPnwL,440005114,440051530,LBM BIOLIANCE - Patients SANS SYMPTOMES pour dépistage préopératoire uniquement,177 RTE DE VANNES 44800 ST HERBLAIN,Patients SANS SYMPTOMES pour dépistage préopératoire uniquement (sur ordonnance),OUI,NON,-1.58988952231064,47.2393763052097,Sur place,,lundi : 9h00-10h00 | mardi : 9h00-10h00 | mercredi : 9h00-10h00 | jeudi : 9h00-10h00 | vendredi : 9h00-10h00 | samedi : non | dimanche : fermé,,Sur rendez-vous uniquement,0240760254,https://www.bioliance.fr/ou-faire-le-test/,2020-11-26
83BrrdZEfutMphFF,440005114,440056299,LBM BIOLIANCE - LA CHAPELLE SUR ERDRE - Patients SANS SYMPTOMES pour dépistage préopératoire uniquement,1 R LOUISE MICHEL 44240 LA CHAPELLE SUR ERDRE,Patients SANS SYMPTOMES pour dépistage préopératoire uniquement (sur ordonnance),OUI,NON,-1.54969793658009,47.2998769157391,Sur place,,Horaires et prise de rdv sur www.bioliance.fr |  | dimanche : fermé,,Sans rendez-vous,0240751323,https://www.bioliance.fr/ou-faire-le-test/,2020-11-26
FAKFOmZPkSxNIOxR,440049732,440049765,LBM BMPR - BOUGUENAIS,45 R DE BELLEVUE 44340 BOUGUENAIS,Patients sans SYMPTOMES pour dépistage pré-opératoire uniquement,OUI,NON,-1.61772913423071,47.1736013284669,Sur place,Accès limité,,,Sur rendez-vous uniquement,0240320988,,2020-11-10
RgP6K6tj6W2fblNq,440049732,440049781,LBM BMPR - LA MONTAGNE,AV DE LA LIBERATION 44620 LA MONTAGNE,Patients sans SYMPTOMES pour dépistage pré-opératoire uniquement,OUI,NON,-1.67759920613461,47.1768926496526,Sur place,Accès limité,,,Sur rendez-vous uniquement,0240659615,,2020-11-10
O5uVYOtn4dKP1mR7,440049732,440049799,LBM BMPR - ST BREVIN LES PINS,ZA DE LA GUERCHE 44250 ST BREVIN LES PINS,Patients sans SYMPTOMES pour dépistage pré-opératoire uniquement,OUI,NON,-2.16141491420896,47.2419091688545,Sur place,Accès limité,,,Sur rendez-vous uniquement,0240274459,,2020-11-10
aoFhTm2eccFWVZNl,440049732,440049807,LBM BMPR - STE PAZANNE,7 AV DU GENERAL DE GAULLE 44680 STE PAZANNE,Patients sans SYMPTOMES pour dépistage pré-opératoire uniquement,OUI,NON,-1.81180643004307,47.1042921931972,Sur place,Accès limité,,,Sur rendez-vous uniquement,0240024370,,2020-11-10
4xZvSsPFE3BXLbDx,440049732,440051290,LBM BMPR - MACHECOUL ST MEME,R DES VERGNES 44270 MACHECOUL ST MEME,Patients sans SYMPTOMES pour dépistage pré-opératoire uniquement,OUI,NON,-1.81708335477636,46.998093338446,Sur place,Accès limité,,,Sur rendez-vous uniquement,0228070400,,2020-11-10
2T7bs9hWkA3iMh0j,450000104,450000062,CH AGGLOMERATION MONTARGOISE,658 R DES BOURGOINS 45200 AMILLY,,OUI,NON,2.77028527653943,47.9975422421776,Sur place,Patients ayant été atteints par le COVID-19,lundi : 9h00-17h00 | mardi : 9h00-17h00 | mercredi : 9h00-17h00 | jeudi : 9h00-17h00 | vendredi : 9h00-17h00 | samedi : fermé | dimanche : fermé,,Sur rendez-vous uniquement,0238959022 ou 0238959085,,2020-10-29
wc4WyBtKXOGfGmVN,540023264,540002698,CHRU NANCY - HOPITAUX DE BRABOIS - HOPITAL D'ENFANTS,Rue du Morvan 54500 Vandœuvre-lès-Nancy,,OUI,NON,6.149623,48.649782,Sur place,Enfants,Lundi au vendredi : 8h30-18h00 | Samedi : 8h30-16h00 | Dimanche JF : se présenter aux urgences pédiatriques,,,,,2020-10-29
t8WcH4woXiku3cyQ,590050027,590049581,LABORATOIRE SECONDAIRE BIOTOP DENAIN,91 Rue du Maréchal Leclerc 59220 Denain,service d accueil,OUI,NON,3.398026,50.328828,Sur place,,lundi : 8h00-12h00 et 14h00-18h00 | mardi : 8h00-12h00 et 14h00-18h00 | mercredi : 8h00-12h00 et 14h00-18h00 | jeudi : 8h00-12h00 et 14h00-18h00 | vendredi : 8h00-12h00 et 14h00-18h00 | samedi : 8h00-12h00 | dimanche : fermé,,Sur rendez-vous uniquement,0327443111,,2020-10-29
cmmJChKiLjvh597G,590050027,590049599,LABORATOIRE SECONDAIRE BIOTOP ROEULX,1 R JEAN-BAPTISTE LEBAS 59172 ROEULX,service d'accueil,OUI,NON,3.34461596595945,50.3125211607349,Sur place,,lundi : 8h00-12h00 et 14h00-18h00 | mardi : 8h00-12h00 et 14h00-18h00 | mercredi : 8h00-12h00 et 14h00-18h00 | jeudi : 8h00-12h00 et 14h00-18h00 | vendredi : 8h00-12h00 et 14h00-18h00 | samedi : 8h00-12h00 | dimanche : fermé,,Sur rendez-vous uniquement,0327442406,,2020-10-29
8lHvobzFPDGJsq4N,590050027,590050035,LABORATOIRE PRINCIPAL BIOTOP HZBK,6 R DE RUBECQUE 59190 HAZEBROUCK,drive,OUI,NON,2.53766992922217,50.7219669177903,Sur place,,lundi : 8h00-12h00 et 14h00-19h00 | mardi : 8h00-12h00 et 14h00-19h00 | mercredi : 8h00-12h00 et 14h00-19h00 | jeudi : 8h00-12h00 et 14h00-19h00 | vendredi : 8h00-12h00 et 14h00-19h00 | samedi : 8h00-12h00 | dimanche : fermé,,Sur rendez-vous uniquement,0328509191,doctolib,2020-10-29
CyfsyI5gmH9cPU9F,590050027,590050043,LABORATOIRE SECONDAIRE BIOTOP PECQUENC,30 R GUSTAVE COLLIEZ 59146 PECQUENCOURT,service d accueil,OUI,NON,3.21290445784298,50.3772513368965,Sur place,,lundi : 8h00-12h00 et 14h00-19h00 | mardi : 8h00-12h00 et 14h00-19h00 | mercredi : 8h00-12h00 et 14h00-19h00 | jeudi : 8h00-12h00 et 14h00-19h00 | vendredi : 8h00-12h00 et 14h00-19h00 | samedi : 8h00-12h00 | dimanche : fermé,,Sur rendez-vous uniquement,0327902799,,2020-10-29
1LXAhIaBQUd8ZE00,590050027,590050050,LABORATOIRE SECONDAIRE BIOTOP DOUAI,514 R DE PARIS 59500 DOUAI,drive,OUI,NON,3.07868242122285,50.3637135013025,Sur place,,lundi : 8h00-12h00 et 14h00-19h00 | mardi : 8h00-12h00 et 14h00-19h00 | mercredi : 8h00-12h00 et 14h00-19h00 | jeudi : 8h00-12h00 et 14h00-19h00 | vendredi : 8h00-12h00 et 14h00-19h00 | samedi : 8h00-12h00 | dimanche : fermé,,Sur rendez-vous uniquement,0327879813,doctolib,2020-10-29
i2Eo9DfELC3MggaF,590050027,590050068,LABORATOIRE SECONDAIRE BIOTOP LA MADEL,207 Rue du General de Gaulle 59110 La Madeleine,service d'accueil,OUI,NON,3.073663,50.657015,Sur place,,lundi : 8h00-12h00 et 14h00-19h00 | mardi : 8h00-12h00 et 14h00-19h00 | mercredi : 8h00-12h00 et 14h00-19h00 | jeudi : 8h00-12h00 et 14h00-19h00 | vendredi : 8h00-12h00 et 14h00-19h00 | samedi : 8h00-12h00 | dimanche : fermé,,Sur rendez-vous uniquement,0320128750,Doctolib,2020-10-29
MKVET2msWUZ77B5V,590050027,590050076,LABORATOIRE SECONDAIRE BIOTOP STEENVOO,PL SAINT-PIERRE 59114 STEENVOORDE,service d accueil,OUI,NON,2.58329487340273,50.8108008192602,Sur place,,lundi : 8h00-12h00 et 14h00-19h00 | mardi : 8h00-12h00 et 14h00-19h00 | mercredi : 8h00-12h00 et 14h00-19h00 | jeudi : 8h00-12h00 et 14h00-19h00 | vendredi : 8h00-12h00 et 14h00-19h00 | samedi : 8h00-12h00 | dimanche : fermé,,Sur rendez-vous uniquement,0328429752,,2020-10-29
8CaDkRXzT5cACxhO,590050027,590050084,LABORATOIRE SECONDAIRE BIOTOP RUE WARE,Boulevard de l'Abbé Lemire 59190 Hazebrouck,service d accueil,OUI,NON,2.534201,50.724092,Sur place,,lundi : 8h00-12h00 et 14h00-19h00 | mardi : 8h00-12h00 et 14h00-19h00 | mercredi : 8h00-12h00 et 14h00-19h00 | jeudi : 8h00-12h00 et 14h00-19h00 | vendredi : 8h00-12h00 et 14h00-19h00 | samedi : 8h00-12h00 | dimanche : fermé,,Sur rendez-vous uniquement,0328419800,,2020-10-29
D5VfNjNwKoxGYRN8,590050027,590056529,LABORATOIRE SECONDAIRE BIOTOP SIN LE N,PL JEAN JAURES 59450 SIN LE NOBLE,service d accueil,OUI,NON,3.11431781227789,50.3650152471196,Sur place,,lundi : 8h00-12h00 et 14h00-19h00 | mardi : 8h00-12h00 et 14h00-19h00 | mercredi : 8h00-12h00 et 14h00-19h00 | jeudi : 8h00-12h00 et 14h00-19h00 | vendredi : 8h00-12h00 et 14h00-19h00 | samedi : 8h00-12h00 | dimanche : fermé,,Sur rendez-vous uniquement,0327918282,,2020-10-29
4umuRYsI5GvfkcZO,590051850,590051900,LABORATOIRE SECONDAIRE DIAGNOVIE ARMEN,7 R DE L'INDUSTRIE 59280 ARMENTIERES,,OUI,NON,2.87707662719919,50.6903582695162,Drive de Wez Macquart La chapelle d'Armentières,Patients asymptomatiques/bilan pré-opératoire/voyages,,,,0320890749,,2020-10-29
3UDzRrH6z9GvVGa1,590051850,590053187,LABORATOIRE SECONDAIRE DIAGNOVIE SADI,76 R SADI CARNOT 59280 ARMENTIERES,,OUI,NON,2.87528737861031,50.6850100402679,Drive rue Paul Bert Armentières sur RDV/Salle de fêtes place de la République Houplines sans RDV (lundi et jeudi 12h-15h),Patient symptomatique/contact uniquement,lundi : 13h30-15h | mardi : 13h30-15h | mercredi : 13h30-15h | jeudi : 13h30-15h | vendredi : 13h30-15h | samedi :  | dimanche : fermé,,Sur rendez-vous uniquement,0320890749,,2020-10-29
bf8dMgvnAbk1Gul7,590781605,590000428,CH CAMBRAI,516 AV DE PARIS 59407 CAMBRAI CEDEX,,NON,OUI,3.22868243420616,50.1654071015204,Sur place,Patients hospitalisés selon critères définis,Réservé aux patients hospitalisés,,,0327737436,,2020-11-17
jF7XIRZp8cDGQvS5,590781605,590048088,EHPAD PAVILLON SAINT JULIEN,516 AV DE PARIS 59400 CAMBRAI,,NON,OUI,3.22868243420616,50.1654071015204,Sur place,Résidents et personnels soignant de l'EHPAD,,,,,,2020-11-17
rW15qoiEfaTjz5z5,590781605,590787420,EHPAD GODELIEZ BOLVIN CH CAMBRAI,2  GRAND 'RUE FENELON 59407 CAMBRAI CEDEX,,NON,OUI,3.22899303528573,50.1766074277032,Sur place,Résidents et personnels soignant de l'EHPAD,,,,0327737303,,2020-11-17
RGlZa7Z6zcVKUOKm,590781605,590787446,EHPAD RESIDENCE VANDERBURCH,6 GR VANDERBURCH 59407 CAMBRAI CEDEX,,NON,OUI,3.23190952220769,50.1771201104962,Sur place,Résidents et personnels soignant de l'EHPAD,,,,0327737303,,2020-11-17
fOEBbcRCv2UDxrXP,620103440,620000653,CH BOULOGNE-SUR-MER,R JACQUES MONOD 62321 BOULOGNE SUR MER CEDEX,,OUI,NON,1.63089593768826,50.7224667318558,Sur place,Personnel soignant/Patients symptomatiques (urgences et hospi),,,,0321993333,,2020-10-29
Gh5NSvMs1m5qIuQ8,630781110,630000479,CENTRE LUTTE CONTRE LE CANCER J.PERRIN,58 R MONTALEMBERT 63011 CLERMONT FERRAND CEDEX 1,LBM,OUI,NON,3.09444567878183,45.7570334327527,Sur place,Patients/Personnels de l'établissement,Pas d'accès au public |,,,Pas d'accès au public,,2020-10-29
oZ81m7zK75g8gzwB,640015228,640015269,LBM SEALAB-MARNE,68 AV DE LA MARNE 64200 BIARRITZ,,OUI,NON,-1.54540877688208,43.4827196124379,Sur place,Patients asymptomatiques,Sur rendez-vous uniquement,,Sur rendez-vous uniquement,0559223750,,2020-10-29
H79bZJQn4fkzWq8P,640015228,640015459,LBM SEALAB-11 NOVEMBRE,11 AV 11 NOVEMBRE 64100 BAYONNE,,OUI,NON,-1.47486588814476,43.4929297498912,Sur place,Patients asymptomatiques,Sur rendez-vous uniquement,,Sur rendez-vous uniquement,0559592888,,2020-10-29
M5xofZxl7isfuWkH,640015228,640015533,LBM SEALAB-ELISSAGARAY,6 R RENAUD D'ELISSAGARAY 64500 ST JEAN DE LUZ,,OUI,NON,-1.66308094249511,43.3880310128809,En EHPAD/En étab. santé,Cas contacts liste CPAM/Patients asymptomatiques,Sur rendez-vous uniquement,,,0559516580,,2020-10-29
LLn5HyqwDUfSWB0C,640015590,DRIVE,DRIVE BIOPYRENEES « HAUTE CAPACITÉ » ZÉNITH DE PAU,Rue Suzanne Bacarisse 64000 Pau,SANS ORDONNANCE et SANS RENDEZ VOUS,OUI,NON,-0.365359783172607,43.3348003846823,Drive/Accès voitures et piétons,SANS ORDONNANCE,Lundi au Vendredi 08h00 à 12h30 | Samedi de 09h00 à 11h00 si urgence |  | Fermé DIMANCHE et JOURS FÉRIÉS,,Sans rendez-vous,0559275131,,2020-10-29
Qf8nDKDyUD9NPUcc,640780417,640000162,CH DE LA COTE BASQUE - BAYONNE,13 AV DE L'INTERNE JACQUES LOEB 64109 BAYONNE CEDEX,,OUI,NON,-1.48231413078151,43.4822956540914,Sur place,Personnel soignant,,,Sur rendez-vous uniquement,05 33 78 80 16.,secr.covidom@ch-cotebasque.fr,2020-10-29
8tbtw5IJVWbeotgU,640781290,640000600,CENTRE HOSPITALIER DE PAU,4 BD HAUTERIVE 64046 PAU CEDEX,,OUI,NON,-0.35672185791546,43.3255153471604,Sur place,Personnel soignant/Femmes enceintes/Malades chroniques (ALD),,,,0559726942,,2020-10-29
YUcWzCHnksiKXUoc,670015478,AUTRE,LBM POTERIES  BIO67,11 Avenue François Mitterrand 67200 Strasbourg,cabinet infirmier à côté du laboratoire,OUI,NON,7.696869,48.586702,cabinet infirmier,pas les enfants de moins de 6 ans,lundi : 11h30-12h30 | mardi : 11h30-12h30 | mercredi : 11h30-12h30 | jeudi : 11h30-12h30 | vendredi : 11h30-12h30 | samedi :  | dimanche : fermé,,RDV DOCTOLIB,0388350035,www.doctolib.fr,2020-11-26
sfAVvzIfckKchyGT,670015478,670015577,LBM ASSIA PREMIUM BIO67,19 Rue du Fossé des Treize 67000 Strasbourg,,OUI,NON,7.746673,48.58822,Sur place,Patients asymptomatiques (avant voyage ou intervention...),,,RDV sur doctolib,0388241006,,2020-11-26
x4UIUUlrZZjsazGZ,690035035,380020065,LBM CERBALLIANCE RHONE ALPES LES ABRET,38 R GAMBETTA 38490 LES ABRETS EN DAUPHINE,,OUI,NON,5.58608193476711,45.535779850272,Sur place,,lundi : 12h30-13h30 | mardi : 12h30-13h30 | mercredi : 12h30-13h30 | jeudi : 12h30-13h30 | vendredi : 12h30-13h30 |,,Sur rendez-vous uniquement,0476322219,,2020-10-29
oG4Cgrd8WMSmuOpD,690035159,690035126,LBM NOVELAB ARNAS POLYCLINIQUE BEAUJOLAIS,120 Ancienne Route de Beaujeu 69400 Arnas,Au sein de la polyclinique dans une salle réservée. Sur Rendez-vous,OUI,NON,4.709473,46.011491,Sur place,Urgences uniquement sur ordonnance/Dépistages pré-opératoires de la polyclinique du Beaujolais,lundi : 11h00-12h00 (Pré-opératoire uniquement) | mardi : 11h00-12h00 (Pré-opératoire uniquement) | mercredi : 11h00-12h00 (Pré-opératoire uniquement) | jeudi : 11h00-12h00 (Pré-opératoire uniquement) | vendredi : 11h00-12h00 (Pré-opératoire uniquement) | samedi : 11h45-12h30 (Pré-opératoire uniquement) | dimanche : 16h00-18h00 (Urgences AVEC ordonnance uniquement),,Sur rendez-vous uniquement,04 74 60 48 51,TELEPHONE,2020-10-29
zo90hBH79CYHxrJ3,690782222,690000575,CH NORD OUEST - VILLEFRANCHE,PLT D'OUILLY 69400 GLEIZE,,OUI,NON,4.69082439617806,46.0055876388591,Sur place,Personnel soignant,lundi : 8h00-12h00  | mercredi : 8h00-12h00  | vendredi : 8h00-12h00  |  | Les horaires évoluent selon les demandes et les  besoins vus en cellule de crise HNOV |,,Sur rendez-vous uniquement,0474096810,,2020-10-29
Cc2At2NZGCwtXu7R,700005622,250017720,SANTÉ LABO - SITE PONTARLIER,3 Rue Joseph Pillod 25300 Pontarlier,Laboratoire,OUI,NON,6.351504,46.908167,Sur place,Bilan pré-opératoire,lundi : 7h30-12h00 et 14h00-18h30 | mardi : 7h30-12h00 et 14h00-18h30 | mercredi : 7h30-12h00 et 14h00-18h30 | jeudi : 7h30-12h00 et 14h00-18h30 | vendredi : 7h30-12h00 et 14h00-18h30 | samedi : 7h30-12h00 | dimanche : fermé,lundi : 7h30-12h00 et 14h00-18h30 | mardi : 7h30-12h00 et 14h00-18h30 | mercredi : 7h30-12h00 et 14h00-18h30 | jeudi : 7h30-12h00 et 14h00-18h30 | vendredi : 7h30-12h00 et 14h00-18h30 | samedi : 7h30-12h00 | dimanche : fermé,Sans rendez-vous,03 81 46 53 54,https://www.biogroup-lcd.fr/laboratoire-pontarlier/laboratoire-de-pontarlier ,2020-11-28
BNls4XrUQcI7zZ57,700005622,250017738,SANTÉ LABO - SITE VALDAHON,6 Rue de Maulbronn 25800 Valdahon,Laboratoire,OUI,NON,6.335778,47.150904,Sur place,Bilan pré-opératoire,lundi : 8h00-12h00 et 14h00-17h00 | mardi : 8h00-12h00 et 14h00-17h00 | mercredi : 8h00-12h00 et 14h00-17h00 | jeudi : 8h00-12h00 et 14h00-17h00 | vendredi : 8h00-12h00 et 14h00-17h00 | samedi : 8h00-12h00 | dimanche : fermé,lundi : 8h00-12h00 et 14h00-17h00 | mardi : 8h00-12h00 et 14h00-17h00 | mercredi : 8h00-12h00 et 14h00-17h00 | jeudi : 8h00-12h00 et 14h00-17h00 | vendredi : 8h00-12h00 et 14h00-17h00 | samedi : 8h00-12h00 | dimanche : fermé,Avec ou sans rendez-vous,03 81 56 21 29,https://www.biogroup-lcd.fr/laboratoire-valdahon/laboratoire-de-valdahon ,2020-11-28
fLlFOTfyQmakM9Mt,700005622,250017746,SANTÉ LABO - SITE MORTEAU,5 Rue Victor Hugo 25500 Morteau,Laboratoire,OUI,NON,6.611732,47.05564,Sur place,Bilan pré-opératoire,lundi : 7h30-12h00 et 14h00-17h00 | mardi : 7h30-12h00 et 14h00-17h00 | mercredi : 7h30-12h00 et 14h00-17h00 | jeudi : 7h30-12h00 et 14h00-17h00 | vendredi : 7h30-12h00 et 14h00-17h00 | samedi : 7h30-12h30 | dimanche : fermé,lundi : 7h30-12h00 et 14h00-17h00 | mardi : 7h30-12h00 et 14h00-17h00 | mercredi : 7h30-12h00 et 14h00-17h00 | jeudi : 7h30-12h00 et 14h00-17h00 | vendredi : 7h30-12h00 et 14h00-17h00 | samedi : 7h30-12h30 | dimanche : fermé,Sans rendez-vous,03 81 67 68 00,https://www.biogroup-lcd.fr/laboratoire-morteau/laboratoire-de-morteau ,2020-11-28
k21oV4Hj2dxoFjSv,700005622,250019486,SANTÉ LABO - SITE L'ISLE/ DOUBS,33 Rue du Magny 25250 L'Isle-sur-le-Doubs,Laboratoire,OUI,NON,6.582559,47.446897,Sur place,Bilan pré-opératoire,lundi : 7h00-12h00 et 14h00-17h00 | mardi : 7h00-12h00 et 14h00-17h00 | mercredi : 7h00-12h00 et 14h00-17h00 | jeudi : 7h00-12h00 et 14h00-17h00 | vendredi : 7h00-12h00 et 14h00-17h00 | samedi : 7h00-12h00 | dimanche : fermé,lundi : 7h00-12h00 et 14h00-17h00 | mardi : 7h00-12h00 et 14h00-17h00 | mercredi : 7h00-12h00 et 14h00-17h00 | jeudi : 7h00-12h00 et 14h00-17h00 | vendredi : 7h00-12h00 et 14h00-17h00 | samedi : 7h00-12h00 | dimanche : fermé,Sans rendez-vous,03 81 96 80 09,https://www.biogroup-lcd.fr/laboratoire-isle-sur-le-doubs/laboratoire-leibovitz ,2020-11-28
u6xhn018Y5JDr0Mo,700005622,700004906,SANTÉ LABO - SITE LECLERC - VESOUL,14 Place de la République 70000 Vesoul,Laboratoire,OUI,NON,6.159233,47.62197,Sur place,Bilan pré-opératoire,lundi : 7h30-19h00 | mardi : 7h30-19h00 | mercredi : 7h30-19h00 | jeudi : 7h30-19h00 | vendredi : 7h30-19h00 | samedi : 7h30-13h00 | dimanche : fermé,lundi : 7h30-19h00 | mardi : 7h30-19h00 | mercredi : 7h30-19h00 | jeudi : 7h30-19h00 | vendredi : 7h30-19h00 | samedi : 7h30-13h00 | dimanche : fermé,Sans rendez-vous,03 84 75 09 71,https://www.biogroup-lcd.fr/laboratoire-vesoul/laboratoire-leclerc,2020-11-28
rtJGVStcOfdRE1TD,720018662,720019017,LBM LABORIZON MAINE ANJOU GAMBETTA LE,9 PL GAMBETTA 72000 LE MANS,LABO GAMBETTA,OUI,NON,0.189420978917326,48.0072754812489,Sur place,sujets contacts Asymptomatiques,sur rendez-vous,,Sur rendez-vous uniquement,02 43 94 71 50,http://www.laborizon-maine-anjou.fr/wp/covambu-72/,2020-11-23
NgB8LnSBW477RfTa,740016365,740015086,GCS GHT LEMAN MONT-BLANC - SALLANCHES,380 R DE L'HOPITAL 74703 SALLANCHES CEDEX,"depuis 1er Aout 2020 : analyses réservées aux patients des urgences, professionnels santé, situation à risque épidémique en collectivité, bilans pré opératoires du CH de Sallanches et éventuellement contact tracing.",OUI,NON,6.64275202313272,45.9355295765007,Sur place,Personnel soignant,Uniquement sur RDV et pour : | - professionel de santé | - Bilan préopératoire du CH sallanches | - agent ou personnel de collectivité avec signes cliniques et risque épidémique dans l'établissement | lundi :  10h00-16h00 | mardi :  10h00-16h00 | mercredi :10h00-16h00 | jeudi :  10h00-16h00 | vendredi :  10h00-16h00 | samedi : SUR DEMANDE TRACING APPEL BIO D ASTREINTE | dimanche : SUR DEMANDE TRACING APPEL BIO D ASTREINTE,,"Sur rendez vous et réservés au bilan pré-opératoire de l'hopital, professionel de santé et personnes dans une situation à risque épidémiques dans une collectivité (établissement) et voire contact tracing selon situation.",,,2020-10-29
RCOlRHFjjJDGNdR7,750712184,940019144,HU PARIS SUD SITE KREMLIN BICETRE APHP (pédiatrie),78 Rue du Général Leclerc 94270 Le Kremlin-Bicêtre,"Policlinique pédiatrie, Batiment Alagille, porte 7, Box M",OUI,NON,2.357902,48.810048,Sur place,Enfants jusqu'à 15 ans,lundi : 13h30-15h30 | mardi : 13h30-15h30 | mercredi : 13h30-15h30 | jeudi : 13h30-15h30 | vendredi : 13h30-15h30 | samedi : fermé | dimanche : fermé |,,Sur rendez-vous uniquement,0145213132 0145213717,,2020-10-29
HJTEkgUqYP01PNz9,750712184,750058745,USLD EST PARISIEN SITE ROTHSCHILD APHP,5 R SANTERRE 75571 PARIS CEDEX 12,,OUI,NON,2.39799638919864,48.8428339067605,Sur place,,,,,,,2020-10-29
tdyMuft2d8WQObw4,750712184,750100018,HU PARIS CENTRE SITE HOTEL DIEU APHP,1 PL DU PARVIS DE NOTRE DAME 75181 PARIS CEDEX 04,,OUI,NON,2.35161351606697,48.8527758385958,Sur place,,,,,0142348078,,2020-10-29
Qx7jdsq2JE7W9Is5,750712184,750100075,HU SAINT LOUIS SITE SAINT LOUIS APHP,1 AV CLAUDE VELLEFAUX 75475 PARIS CEDEX 10,,OUI,NON,2.36974621795578,48.8728111911351,Sur place,,,,,0142385010,,2020-10-29
8cadSK0yrrl9B8l8,750712184,750100091,HU EST PARISIEN SITE ST ANTOINE APHP,184 R DU FAUBOURG SAINT ANTOINE 75571 PARIS CEDEX 12,,OUI,NON,2.3827677512857,48.8502479430417,Sur place,,,,,0149282084,,2020-10-29
Z4kIOcyqIZoIdwWO,750712184,750100125,HU PITIE SALPETRIERE APHP,47 BD DE L HOPITAL 75651 PARIS CEDEX 13,,OUI,NON,2.36319469988341,48.8401867621783,Sur place,,,,,0142176006,,2020-10-29
FKCyh0vR9EejkKZa,750712184,750100166,HU PARIS CENTRE SITE COCHIN APHP,27 R DU FAUBOURG SAINT JACQUES 75679 PARIS CEDEX 14,,OUI,NON,2.33871953961247,48.8372218590234,Sur place,,,,,0158411005,,2020-10-29
bak6n7lgZwXjxg77,750712184,750100208,HU NECKER ENFANTS MALADES APHP,149 R DE SEVRES 75743 PARIS CEDEX 15,,OUI,NON,2.31446434051903,48.8461221457586,Sur place,,,,,0144494115,,2020-10-29
xRvpyyICUDiDt25O,750712184,750100232,HU PARIS NORD SITE BICHAT APHP,46 R HENRI HUCHARD 75877 PARIS CEDEX 18,,OUI,NON,2.33083491997901,48.8991104199906,Sur place,,,,,0140258305,,2020-10-29
VtobcDrxIZ1sE7Yi,750712184,750100273,HU EST PARISIEN SITE TENON APHP,4 R DE LA CHINE 75970 PARIS CEDEX 20,,OUI,NON,2.40075810973818,48.8657227059205,Sur place,,,,,0156016490,,2020-10-29
bJzglnPK86Ufy9j1,750712184,750803447,HU PARIS OUEST SITE G POMPIDOU APHP,20 R LEBLANC 75908 PARIS CEDEX 15,,OUI,NON,2.2754404244023,48.8393519478371,Sur place,,lundi : 8h30-12h00 et 14h00-17h00 | mardi : 8h00-12h00 et 14h00-17h00 | mercredi : 8h00-12h00 et 14h00-17h00 | jeudi : 8h00-12h00 et 14h00-17h00 | vendredi : 8h00-12h00 et 14h00-17h00 | samedi : femé | dimanche : fermé,,,0156092119,,2020-10-29
AuwatWOLvXZOzctB,750712184,920100013,HU OUEST SITE AMBROISE PARE APHP,9 AV CHARLES DE GAULLE 92104 BOULOGNE BILLANCOURT CEDEX,,OUI,NON,2.23710920111641,48.849043603058,Sur place,,,,,0149095799,,2020-10-29
WyIFOdayN8ikoKZf,750712184,940100035,HU PITIE SALPETRIERE- CHARLE FOIX APHP,7 AV DE LA REPUBLIQUE 94206 IVRY SUR SEINE CEDEX,,OUI,NON,2.39574560053996,48.803918339069,Sur place,,,,,0149594147,,2020-10-29
jCCwxxocvtbBhJkq,750712184,940100043,HU PARIS SUD SITE KREMLIN BICETRE APHP (adultes),78 AV DU GENERAL LECLERC 94275 LE KREMLIN BICETRE CEDEX,Bâtiment Françoise BARRE-SINOUSSI Secteur orange porte 39,OUI,NON,2.35794972572017,48.8099378922519,Sur place,Adultes uniquement,lundi au vendredi de 9h00 à 16h30 | fermé samedi dimanche et jour férié,,Sur rendez-vous uniquement,0145217312,,2020-10-29
dKGL5AtCwhnGw3Wf,750712184,940100068,HOPITAL PAUL BROUSSE APHP,12 AV PAUL VAILLANT COUTURIER 94804 VILLEJUIF CEDEX,"Bâtiment Leriche, Secteur jaune, Porte 46",OUI,NON,2.36371854158402,48.7948202487473,Sur place,personnels soignant prioritaires/patients symptomatiques sur ordonnance/Bilan préopératoire sur ordonnance/cas contact avec justificatif,lundi : 13h30-16h30 | mardi : 13h30-16h30 | mercredi : 13h30-16h30 | jeudi : 13h30-16h30 | vendredi : fermé | samedi : fermé | dimanche : fermé,,Sur RDV uniquement,01 45 59 32 05,,2020-10-29
7j3IshkifCGcOpST,750810814,920120011,HIA PERCY,101 Avenue Henri Barbusse 92140 Clamart,Service d'Accueil des Urgences et chaine de prélèvement,OUI,NON,2.257654,48.813489,Sur place,Patients âgés de plus de 15 ans/civils ou militaires,Du lundi au vendredi de 9h à 17h | Samedi de 9h à 12h,,"Sur rendez-vous uniquement pour les dépistages, sujets contact, voyage, pré-opératoire, soignants.",0141467441,,2020-10-29
QMVh9JG8UCLmLwCU,750810814,330781303,HIA ROBERT PICQUE,351 RTE DE TOULOUSE 33882 VILLENAVE D ORNON CEDEX,Non accessible au grand public,OUI,NON,-0.569843819922378,44.7994160825316,En étab. santé,Militaires,,,,0556041790,,2020-10-29
bJKBcBGr8gSWywx0,750810814,920120011,HIA PERCY,5 Rue du Lieutenant Raoul Batany 92140 Clamart,Service d'Accueil des Urgences et chaine de prélèvement,OUI,NON,2.25438,48.815592,Sur place,Patients âgés de plus de 15 ans/civils ou militaires,Du lundi au vendredi de 9h à 17h | Samedi de 9h à 12h,,"Sur rendez-vous uniquement pour les dépistages, sujets contact, voyage, pré-opératoire, soignants.",0141467441,,2020-10-29
zmVFlKwVUe8kqqeB,780001236,780000337,CHI POISSY ST GERMAIN SITE ST GERMAIN,Rue d'Ourches 78100 Saint-Germain-en-Laye,"Service CCUA (Centre Consultation Urgence Adultes), Centre de prélèvement COVID, 4 rue d'Ourches, 78 100 Saint Germain en Laye",OUI,NON,2.084904,48.897119,Sur place,Cas contacts liste CPAM/Patients Symptomatiques,lundi : 9h00-16h30 | mardi : 9h00-16h30 | mercredi : 9h00-16h30 | jeudi : 9h00-16h30 | vendredi : 9h00-16h30 | samedi : fermé | dimanche : fermé |  | A partir du 15/09/2020,,Oui,0139274597,,2020-10-29
Dag3TTT08tJpgumf,780020855,780003711,LBM SELAS BIOSYNERGIE Laboratoire Clinique de l'Europe Port Marly,9 Avenue de Saint-germain 78560 Le Port-Marly,Clinique Le Port Marly,OUI,NON,2.1086,48.88006,Sur place,Personnel soignant/patients des cliniques Vivalto,Uniquement PCR des patients de la clinique de l'Europe (sur rdv sur place ou par téléphone),,Sur rendez-vous uniquement,01 39 58 10 21         Hotline PCR : infocovid.idf@biogroup.fr ou  0176215776,,2020-11-26
elWHulb4xUy6hqoo,780020855,780020871,LBM SELAS BIOSYNERGIE SITE VERSAILLES - VERSAILLES,R DE LA PORTE DE BUC 78000 VERSAILLES,,OUI,NON,2.13584921873401,48.7915226153518,En étab. santé,Personnel soignant/bilan pré opératoire de la clinique des Franciscaines,Du lundi au vendredi 11h00-13h00 | Uniquement sur rdv  (à prendre par mail ou sur place),,Sur rendez-vous uniquement,RDV PCR :  labo.franciscaines@biogroup.fr                  Hotline PCR : infocovid.idf@biogroup.fr ou  0176215776,,2020-11-26
KLMg23gJx5IdGwQZ,780020855,950030056,LBM BIOGROUP LBC SITE EAUBONNE,40 AV DE PARIS 95600 EAUBONNE,DRIVE,OUI,NON,2.28530577357679,48.9920959883002,Drive/En EHPAD,Patients avec symptomes  et cas contact,PCR  covid  du lundi au vendredi uniquement  sur rendez-vous  en ligne sur https://covid.kaducee.com/#/,,Sur rendez-vous uniquement,Hotline Covid : 0176215776,https://covid.kaducee.com/#/,2020-11-26
pVO6mPSnR8MaUfHO,780021200,AUTRE,CDDC POISSY,53 Avenue Blanche de Castille 78300 Poissy,Centre COVID,OUI,NON,2.030376,48.924538,Sur place,PUBLIC PRIORITAIRE/Ordonnance/Cas contat SMS CPAM/Soignants hors structure de rattachement/Personnel Education sur justificatif/Cas SAMU,-,lundi au samedi : 8h00-14h00,Sans rendez-vous,,,2020-11-27
4EliFklZkQcBl6Sq,780021200,780021275,LBM EUROFINS- BIOLAB SITE HOUDAN,21 R DE L ENCLOS 78550 HOUDAN,,OUI,NON,1.59991464042391,48.7901105420428,Sur place,Pre-opératoires,Pre-opératoires,-,Sur rendez-vous uniquement,01 30 59 78 26,,2020-11-27
CHIMltWcn1jGGymQ,780110011,780000287,CH FRANCOIS QUESNAY MANTES,2 BD SULLY 78201 MANTES LA JOLIE CEDEX,centre de prélèvement COVID,OUI,NON,1.67648596665754,48.9980475862621,Sur place,Cas contacts liste CPAM/Sur ordonnance d'un médecin/Pas dans le cadre d'un dépistage massif par la CPAM/Pas de billets d'avions/Patient symptomatiques ou cas contact sans ordonnance,lundi : 8h00-12h00  | mardi : 8h00-12h00  | mercredi : 8h00-12h00  | jeudi : 8h00-12h00  | vendredi : 8h00-12h00  | samedi et dimanche : fermé,lundi : 8h00-12h00  | mardi : 8h00-12h00  | mercredi : 8h00-12h00  | jeudi : 8h00-12h00  | vendredi : 8h00-12h00 | dimanche : fermé,Sur rendez-vous uniquement,0134974333,,2020-10-29
tKZjHDitorDZq8Fn,810011379,810011056,LBM ALTISBIO - ALBI,1 R DU PERE COLOMBIER 81000 ALBI,,OUI,NON,2.16422848747298,43.9307855667987,Sur place,Personnel soignant,,,,0563602840,,2020-10-29
RgyiTJDB07osZSZM,830018057,830018776,LBM CERBALLIANCE COTE D'AZUR PLATEAU GASSIN,ESPA SANTE DU GOLFE DE ST TROPEZ 83580 GASSIN,,OUI,NON,6.58557990308221,43.2283609486028,En EHPAD/En étab. santé,Prélèvement en établissements de santé,,,,,,2020-11-12
ctoYMe6QYbdLC8AC,830018057,830208054,LBM CERBALLIANCE COTE D'AZUR SITE TOUL - TOULON,7 BD DE STRASBOURG 83000 TOULON,,OUI,NON,5.93001873157787,43.1252769793173,En EHPAD/En étab. santé,Prélèvement en établissements de santé,lundi : 7h30 - 18h30 | mardi :  7h30 - 18h30 | mercredi :  7h30 - 18h30 | jeudi : 7h30 - 18h30 | vendredi :  7h30 - 18h30 | samedi :  7h30 - 11h30 | dimanche : fermé,,Avec ou sans rendez-vous,04 94 92 31 37,Téléphone,2020-11-12
AIA9aDIWZ53VpqMj,830100525,830008199,CSAPA LE MALMONT DRAGUIGNAN,BD JOSEPH COLLOMP 83300 DRAGUIGNAN,equipe mobile,OUI,NON,6.46261724658431,43.5469507724421,Sur place,résidents,,,,0494605669,,2020-10-29
CchKQe9ROKQ5PzZS,830100616,830016119,EHPAD PUBLIC GEORGES CLEMENCEAU,421 AV 1ER BT INF MARINE PACIFIQUE 83130 LA GARDE,,OUI,NON,6.01042374154228,43.1238715004217,Sur place,Personnel soignant,,,,0494616162,,2020-10-29
VFujJNfldpaNg8IG,830100616,830016531,EHPAD TOUSSAINT MERLE,AV JULES RENARD 83507 LA SEYNE SUR MER CEDEX,,OUI,NON,5.87080975265359,43.1108078600466,Sur place,Personnel soignant,,,,0494618022,,2020-10-29
rgDISav9xxoXbsa3,830100616,830020012,CHITS USLD LA SEYNE SUR MER,AV JULES RENARD 83507 LA SEYNE SUR MER CEDEX,,OUI,NON,5.87080975265359,43.1108078600466,Sur place,Personnel soignant,,,,0494113010,,2020-10-29
tLmCGlCk6qZ6LkCn,830100616,830100608,CHITS CH GEORGE SAND,AV JULES RENARD 83507 LA SEYNE SUR MER CEDEX,Consultations externes,OUI,NON,5.87080975265359,43.1108078600466,Sur place,Personnel soignant,,,?,0494113010,,2020-10-29
TAUrJU339PyWkNnZ,830100616,830202743,CHITS HOPITAL GEORGES CLEMENCEAU,421 AV 1ER BT INF MARINE PACIFIQUE 83130 LA GARDE,,OUI,NON,6.01042374154228,43.1238715004217,Sur place,Personnel soignant,,,,0494088684,,2020-10-29
YVl23J7GejAZ53pU,830100616,830212767,CHITS USLD HOPITAL GEORGES CLEMENCEAU,421 AV 1ER BT INF MARINE PACIFIQUE 83130 LA GARDE,,OUI,NON,6.01042374154228,43.1238715004217,Sur place,Personnel soignant,,,,0494616162,,2020-10-29
VL4L8GBvJlRnCYEF,850000035,850000183,CH FONTENAY- LE- COMTE,11 Rue du Docteur René Laforge 85200 Fontenay-le-Comte,DRIVE au CH  à l'adresse 11 rue du Dr Laforge,OUI,NON,-0.827669,46.466225,Sur place,Patients symptomatiques/Cas contacts liste CPAM,du lundi au vendredi sur RDV uniquement,,Sur rendez-vous uniquement,02.51.53.29.31,,2020-10-29
eO6xzP4OsKl8X4aK,860012756,DRIVE,Clinique de Châtellerault,17 Rue de Verdun 86100 Châtellerault,drive,OUI,NON,0.537611,46.8197,Sur place,Personnel soignant,lundi : 10h00-13h00 | mardi : 10h00-13h00 | mercredi : 10h00-13h00 | jeudi : 10h00-13h00 | vendredi : 10h00-13h00 | samedi : fermé | dimanche : fermé,,Sur rendez-vous uniquement,04.49.85.47.44,,2020-11-17
i0EDWuOsFOAEas62,860014208,860000223,CHU LA MILETRIE,2 Rue de la Milètrie 86000 Poitiers,"DRIVE Pédiatrique, Urgences pédiatrique",OUI,NON,0.383963,46.558578,Sur place,Enfants 0-3 ans,lundi : 9h00-12h30 et 13h30-15h30 | mardi : 9h00-12h30 et 13h30-15h30 | mercredi : 9h00-12h30 et 13h30-15h30 | jeudi : 9h00-12h30 et 13h30-15h30 | vendredi : 9h00-12h30 et 13h30-15h30 | samedi : fermé | dimanche : fermé,,Sur rendez-vous uniquement,05 16 60 42 02,,2020-10-29
oFN9drA9Oc2T59kZ,910020403,910019629,Centre ORLY ADP Hall 1,"Avenue Ouest, 94390 Paray-Vieille-Poste",Aéroport d'Orly Hall 1 étage Arrivées,OUI,OUI,2.42953339188522,48.6270382583444,Sur place,Voyageurs munis de billet d'avion,lundi : 7h00-17h00 | mardi : 7h00-17h00 | mercredi : 7h00-17h00 | jeudi : 7h00-17h00 | vendredi : 7h00-17h00 | samedi : 7h00-17h00 | dimanche : 7h00-12h00,,,,https://www.doctolib.fr/centre-depistage-covid/orly/cerballiance-aeroport-d-orly-orly?highlight%5Bagenda_ids%5D%5B%5D=378720,2020-11-16
fyGHTsZdgD48UEJD,920028313,780022414,LBM BIOSMOSE SITE VELIZY,70 PL LOUVOIS 78140 VELIZY VILLACOUBLAY,,OUI,NON,2.19702959060669,48.7808997765366,Sur place,Patients ayant été atteints par le COVID-19/Sur rendez-vous,sur rendez-vous,,Sur rendez-vous uniquement,01 39 46 09 22 et 01 61 12 98 11,,2020-11-18
t4l9KFcdDsaxwVBz,930021480,930000286,GHI LE RAINCY MONTFERMEIL,10 R DU GENERAL LECLERC 93370 MONTFERMEIL,,OUI,NON,2.57428404809458,48.8981701042599,Sur place,SAU/personnes hospitalisées,,,,,,2020-10-29
uXtKsDr4Wy9pcy8S,930021480,930000294,CTRE D MOYEN ET LONG SEJOUR LES ORMES,13 PL JEAN MERMOZ 93370 MONTFERMEIL,,OUI,NON,2.57161627427222,48.9022901704305,Sur place,Résidents/Personnel soignant,,,,,,2020-10-29
3WWYT1WWgwh3YghH,930021480,930021498,EHPAD DU GHI LE RAINCY MONTFERMEIL,13 PL JEAN MEMOZ 93370 MONTFERMEIL,,OUI,NON,2.57161627427222,48.9022901704305,Sur place,Résidents/Personnel soignant,,,,,,2020-10-29
an2ZKdcs5iOdiq4L,930021480,930816962,USLD CTRE GERIATRIQUE LES ORMES,13 PL JEAN MERMOZ 93370 MONTFERMEIL,,OUI,NON,2.57161627427222,48.9022901704305,Sur place,Résidents/Personnel soignant,,,,,,2020-10-29
ebj094uN0hAlZw3s,930110069,930000336,CHI ROBERT BALLANGER,BD ROBERT BALLANGER 93602 AULNAY SOUS BOIS CEDEX,LABORATOIRE DE BIOLOGIE,OUI,NON,2.52354,48.95292,Sur place,Cas contacts liste CPAM,9H-17H30,,Sur rendez-vous uniquement,0149367307,,2020-11-19
